-- MySQL Administrator dump 1.4
--
-- ------------------------------------------------------
-- Server version	5.1.58-community


/*!40101 SET @OLD_CHARACTER_SET_CLIENT=@@CHARACTER_SET_CLIENT */;
/*!40101 SET @OLD_CHARACTER_SET_RESULTS=@@CHARACTER_SET_RESULTS */;
/*!40101 SET @OLD_COLLATION_CONNECTION=@@COLLATION_CONNECTION */;
/*!40101 SET NAMES utf8 */;

/*!40014 SET @OLD_UNIQUE_CHECKS=@@UNIQUE_CHECKS, UNIQUE_CHECKS=0 */;
/*!40014 SET @OLD_FOREIGN_KEY_CHECKS=@@FOREIGN_KEY_CHECKS, FOREIGN_KEY_CHECKS=0 */;
/*!40101 SET @OLD_SQL_MODE=@@SQL_MODE, SQL_MODE='NO_AUTO_VALUE_ON_ZERO' */;


--
-- Create schema newcms
--

CREATE DATABASE IF NOT EXISTS newcms;
USE newcms;

--
-- Definition of table `act_ge_bytearray`
--

DROP TABLE IF EXISTS `act_ge_bytearray`;
CREATE TABLE `act_ge_bytearray` (
  `ID_` varchar(64) COLLATE utf8_bin NOT NULL DEFAULT '',
  `REV_` int(11) DEFAULT NULL,
  `NAME_` varchar(255) COLLATE utf8_bin DEFAULT NULL,
  `DEPLOYMENT_ID_` varchar(64) COLLATE utf8_bin DEFAULT NULL,
  `BYTES_` longblob,
  PRIMARY KEY (`ID_`),
  KEY `ACT_FK_BYTEARR_DEPL` (`DEPLOYMENT_ID_`),
  CONSTRAINT `ACT_FK_BYTEARR_DEPL` FOREIGN KEY (`DEPLOYMENT_ID_`) REFERENCES `act_re_deployment` (`ID_`)
) ENGINE=InnoDB DEFAULT CHARSET=utf8 COLLATE=utf8_bin;

--
-- Dumping data for table `act_ge_bytearray`
--

/*!40000 ALTER TABLE `act_ge_bytearray` DISABLE KEYS */;
INSERT INTO `act_ge_bytearray` (`ID_`,`REV_`,`NAME_`,`DEPLOYMENT_ID_`,`BYTES_`) VALUES 
 (0x313032,1,0x636F6D2F62706C6F772F746F646F2F776F726B666C6F772F7574696C2F6F7264657250726F636573732E62706D6E32302E786D6C,0x313031,0x3C3F786D6C2076657273696F6E3D22312E302220656E636F64696E673D225554462D38223F3E0A3C646566696E6974696F6E732069643D22646566696E6974696F6E73220A09786D6C6E733D22687474703A2F2F7777772E6F6D672E6F72672F737065632F42504D4E2F32303130303532342F4D4F44454C22200A09786D6C6E733A7873693D22687474703A2F2F7777772E77332E6F72672F323030312F584D4C536368656D612D696E7374616E6365220A09786D6C6E733A62706D6E64693D22687474703A2F2F7777772E6F6D672E6F72672F737065632F42504D4E2F32303130303532342F4449220A09786D6C6E733A6F6D6764693D22687474703A2F2F7777772E6F6D672E6F72672F737065632F44442F32303130303532342F4449220A09786D6C6E733A6F6D6764633D22687474703A2F2F7777772E6F6D672E6F72672F737065632F44442F32303130303532342F4443220A097461726765744E616D6573706163653D224578616D706C6573223E0A0A093C70726F636573732069643D226F7264657250726F6365737322206E616D653D224F726465722070726F6365737320776974682063616C6C20616374697669747922203E0A0A09093C73746172744576656E742069643D22746865537461727422202F3E0A09093C73657175656E6365466C6F772069643D22666C6F77312220736F757263655265663D22746865537461727422207461726765745265663D22726563656976654F7264657222202F3E0A0A202020203C6D616E75616C5461736B2069643D22726563656976654F7264657222206E616D653D2252656365697665204F7264657222202F3E0A202020203C73657175656E6365466C6F772069643D22666C6F77322220736F757263655265663D22726563656976654F7264657222207461726765745265663D2263616C6C436865636B43726564697450726F6365737322202F3E0A202020200A202020203C63616C6C41637469766974792069643D2263616C6C436865636B43726564697450726F6365737322206E616D653D22436865636B20637265646974222063616C6C6564456C656D656E743D22636865636B43726564697450726F6365737322202F3E0A202020203C73657175656E6365466C6F772069643D22666C6F77332220736F757263655265663D2263616C6C436865636B43726564697450726F6365737322207461726765745265663D2270726570617265416E64536869705461736B22202F3E0A2020200A202020203C757365725461736B2069643D2270726570617265416E64536869705461736B22206E616D653D225072657061726520616E64205368697022202F3E0A202020203C73657175656E6365466C6F772069643D22666C6F77342220736F757263655265663D2270726570617265416E64536869705461736B22207461726765745265663D22746865456E6422202F3E0A09090A09093C656E644576656E742069643D22746865456E6422202F3E0A0A093C2F70726F636573733E0A0A093C62706D6E64693A42504D4E4469616772616D2069643D226469616772616D223E0A09093C62706D6E64693A42504D4E506C616E652062706D6E456C656D656E743D226F7264657250726F63657373222069643D22706C616E65223E0A0909093C62706D6E64693A42504D4E53686170652062706D6E456C656D656E743D227468655374617274222069643D2274686553746172745F677569223E0A090909093C6F6D6764633A426F756E6473206865696768743D2233302E30222077696474683D2233302E302220783D2237352E302220793D223237302E3022202F3E0A0909093C2F62706D6E64693A42504D4E53686170653E0A0909093C62706D6E64693A42504D4E53686170652062706D6E456C656D656E743D22726563656976654F72646572222069643D22726563656976654F726465725F677569223E0A090909093C6F6D6764633A426F756E6473206865696768743D2238302E30222077696474683D223130302E302220783D223135352E302220793D223234352E3022202F3E0A0909093C2F62706D6E64693A42504D4E53686170653E0A0909093C62706D6E64693A42504D4E53686170652062706D6E456C656D656E743D2263616C6C436865636B43726564697450726F63657373222069643D2263616C6C436865636B43726564697450726F636573735F67756922206973457870616E6465643D2266616C7365223E0A090909093C6F6D6764633A426F756E6473206865696768743D2238302E30222077696474683D223130302E302220783D223331352E302220793D223234352E3022202F3E0A0909093C2F62706D6E64693A42504D4E53686170653E0A0909093C62706D6E64693A42504D4E53686170652062706D6E456C656D656E743D2270726570617265416E64536869705461736B222069643D2270726570617265416E64536869705461736B5F677569223E0A090909093C6F6D6764633A426F756E6473206865696768743D2238302E30222077696474683D223130302E302220783D223438302E302220793D223234352E3022202F3E0A0909093C2F62706D6E64693A42504D4E53686170653E0A0909093C62706D6E64693A42504D4E53686170652062706D6E456C656D656E743D22746865456E64222069643D22746865456E645F677569223E0A090909093C6F6D6764633A426F756E6473206865696768743D2232382E30222077696474683D2232382E302220783D223633302E302220793D223237312E3022202F3E0A0909093C2F62706D6E64693A42504D4E53686170653E0A0909093C62706D6E64693A42504D4E456467652062706D6E456C656D656E743D22666C6F7731222069643D22666C6F77315F677569223E0A090909093C6F6D6764693A776179706F696E7420783D223130352E302220793D223238352E3022202F3E0A090909093C6F6D6764693A776179706F696E7420783D223135352E302220793D223238352E3022202F3E0A0909093C2F62706D6E64693A42504D4E456467653E0A0909093C62706D6E64693A42504D4E456467652062706D6E456C656D656E743D22666C6F7732222069643D22666C6F77325F677569223E0A090909093C6F6D6764693A776179706F696E7420783D223235352E302220793D223238352E3022202F3E0A090909093C6F6D6764693A776179706F696E7420783D223331352E302220793D223238352E3022202F3E0A0909093C2F62706D6E64693A42504D4E456467653E0A0909093C62706D6E64693A42504D4E456467652062706D6E456C656D656E743D22666C6F7733222069643D22666C6F77335F677569223E0A090909093C6F6D6764693A776179706F696E7420783D223431352E302220793D223238352E3022202F3E0A090909093C6F6D6764693A776179706F696E7420783D223438302E302220793D223238352E3022202F3E0A0909093C2F62706D6E64693A42504D4E456467653E0A0909093C62706D6E64693A42504D4E456467652062706D6E456C656D656E743D22666C6F7734222069643D22666C6F77345F677569223E0A090909093C6F6D6764693A776179706F696E7420783D223538302E302220793D223238352E3022202F3E0A090909093C6F6D6764693A776179706F696E7420783D223633302E302220793D223238352E3022202F3E0A0909093C2F62706D6E64693A42504D4E456467653E0A09093C2F62706D6E64693A42504D4E506C616E653E0A093C2F62706D6E64693A42504D4E4469616772616D3E0A0A3C2F646566696E6974696F6E733E),
 (0x313033,1,0x636F6D2F62706C6F772F746F646F2F776F726B666C6F772F7574696C2F6F7264657250726F636573732E6F7264657250726F636573732E706E67,0x313031,0x89504E470D0A1A0A0000000D49484452000002560000005F08060000002A3589FE000015584944415478DAED9D0D984DF5BEC7774CA2746728AE233131A16B74B8A42922E59CA38C28AAA9EB88381EC22597CBA313F770CB399C72EF91EB88E8C1691425266F87D3883298119AA49A4A213C5E0667AE19D9CCEFAEDF6A2D77CD6ECF9E3DFB7566EFCFF779BECFACFDB25E66FD7FFFEFFFBB7EFF97ED7201000000000000000000000000000000000000000000000000C437120CF63038C760AEC112830243C203061758F7378150030080084024BBF6DCB913C70F1C98BEB753A73625B56BD7A2410A016BD6AC51DAA24593939D3BB75BDBA245B3EE449A57645C75D5555F112F116181DE6F420E4D44130108235E7BEDF9E1DDBB773C9F9CDC58A64F1F21D9D9F3A5A464BB88E4C120A9F7312767B1CC9A35465AB56AF643E3C60DF61AB73C95A83351DBE0521A9BA830D3BAFF004D4413010825162E9CF26EA34637C8ECD9E3C4EDDE49C50F33E7CCF977494AAA5B7CEDB5B5FA60AA5C59CEC63E29E97A993469906CDBB650CE9CC9265E42C0A2A2AD929BBB44A64E1D2637DE98E469AE3661AED044341180100B484ACACDE6D303153C72CCCF7F531BB9BF1B45901EC7E1572653357C783F39797233F11146AA591D3BF6496F992B8026A289008422D5AD4F650848F484A44E9D5A67E234059EE16CDC359B424C448E7ABF3DCC1563AED04434118060A0833275FC80A6BAA9D0D1E3AC59634E272424BC1F67E197E01CA8AE992A6221F2F4C85CE980F60434114D44130108103AD3450765327E20FAAC5F3FF1B051246971147E3D5C8E315574FF45AF5B50B3330E73D5134D4413D1440002844E1FD6992E54E2E873F4E80C5DB369561C85DF1CBB31D781EAC44095E9125C8026A2896822000142D764D1E9C3950DF8F9F327CB4D37FDA3F4EBD783A9C721E2071FBC7AD4F5E38298F1825CBB31D7D97FC440F4A8B3055D6517114513FDBC77EB168E933FF56D2CFFD52B4966F64C94690F3492B7E68E26AED04410AFD085EE2A638C4A4B7365C68C51D2B66D5B3979F2A4346DDA54BEFBEE3D4420446BBA1845E28EA3F073DB8D394B2A447F290657D941EC68A21FF76DC3EB13E47FFAD4970519F565BEC139FDEAC98C0713655CB7445936770CB18526823885DF41BE66CDCBD2A2C5CD72FFFDF7CBA54B97E4E1871F962143FA220021649C356A571A72CABECAC45EDC1BABCAC4E3BC5E89B2D83054330D3335A397B29EBC90DE402674AF2FBFE9FA33E20A4D048848F97CE185672425254576EDDA258A471E7944D2D2DACA175FBC23870EAD958307D7C8BE7D9966978E3EFD22088808C60A6315EBC66A46D7BAB261DE6FE5C8FA99B263E1B3F2AFF73690713D7E26237FD15C46746B2097DC3B882D341120226579F6EC1699366DB8DC7EFBED72E2C409B970E1825CBC7851E6CD9B6718AB3BE58E3B3A4AC78E1D4C76E9D245BA76ED2AA3463D8E202022182B8C55CC1BAB2523DA48C9F12FE4DC47F3E4FB4D2FCBBE37A7CAC1B57F90C283BB65E5D85429BDCCCC42341120226566643C6E0E50EFDCB9B37CFFFDF772EAD429397DFAB49C3B774E7EF8E107B33BB0B8B8D8DCB6F1F1C71F4B62625DD9B2E555440111C15861AC62DA58ADF85D1F29DCF5869CC85B21C57B330D2E37B70B7767CA3BBFEB4D5CA1890011F19C91F1966190B6C8575F7D25DF7DF79D1C3972448E1F3F6E1AACA2A222D9B16387F4EFDF5FFAF4E923E9E9E9E6F6E0C18365E4C891D2AC5913440111C15861AC62D6585D74E7CA84E92F49E6E88E72216FA1947CBACA64F19EBFC83BE33BCAB3BFFD83945CD8456CA1890011F97F1616E6C9EEDDBB65CF9E3DF2D9679FC937DF7C23870F1F9663C78E993302CF9E3D6B66B00A0B0BA5A4A4C4EC22D4ED356BD648AB56B7200A8808C60A631593C6EA878BB9B2E8BDCDD2A4E766F9F4D0FFCA9BCF3D24CB9FEB6D52B7B77D56244D7EF9BEFCF9EDF5528CB94213012262F3DCB95CC9C9C93107AC6B175F7E7EBE7CF9E597F2EDB7DF9AE6AAA0A040468F1E2D77DE79A7C9BBEFBE5BBA75EB26EDDAB593679E7914514044305618AB983356A5A579B26C63B6344BFF503E3B522CCB8E888CFB5464C44E91215B449E5A27F21F1F886C3F502CCD1EF84816BCBB51DC977289313411202279525C9C6798AA9DB273E74ED35C69F66ADFBE7DB27FFF7ED354A9C1521E3D7AD41C83A5664BBB0975C6E0638FFD02514044305618AB9833569B77BE2F3DFACF94153B2EC99FF7898CCE2995E1D9A5327463A90C5C5D2A4F2C2F95FEAF5F96C9EB0D83F566A9DCD7F7F7B26A7316318626024444170DDC2EEBD7AF93ACAC2CD9B0618369B0B45BF0934F3E91CF3FFF5C323333CDD982EDDBB7970E1D3AC85D77DD25CD9B37975EBDBA98CB2F200A8808C60A63156BC66ACF947F92135993E495455932C8304F43D6890C5E532ABF5E6998AABF944ABF4597E5A179A572FF4B22D3666F96D31BA6C88E89A9C4189A0810913CD9BA75812427DF642E0ADAAC59637395F5A953A7CAEAD5ABCD2EC2BCBC3CD9BB77AFD945989B9B2BD9D9D9929A9A6A18B1D908022282B1C258C5A4B1DA6718ABC2BF4E938C618BE53F379D977F5929F2E4F252797C8961AA1696CAA34B45FA2E1699F4CE057970E03239B379BAEC9AD48618431301229227972FEF924B977E1C78A9BFF49E93B358C68C794252526E36CC563369D9B285B46E7DABB46A95626C3737DE6F2A13260C94F3E73F441010118C15C62A268DD589FCC5F2F173AD64C8901972C7A06C19BCB1549E7670B0C5940756CBBF3DF3BCEC99D6418EEF59408CA1890011818808C60A6385267A7DE874E7180F90393279DEDF24EDD165D2267D85B47CF06D69D973A5DCD673B9B4EFBD549E9ABA518AFEFE91F95DE20B4D04880844443056182B3411A2890020228808C60A62ACD044341100440462AC20C60A4D8418AB6A84260647195C61B0C06091556025060F1A5C6570BCF53D44042222182B8C15C60AA289F8142FE86B709375910B0CF637D8DA605DEB73FD9B6C30DDE06CEB7BD9060720221011C15861AC3056104D8C904F29F1A887BE18159FA26669BDC17CCB34255462DF9E06730D6E339882884044046385B1C2584134314C3E458260C47C4A86C16356CA2C2188E38CB28E330011818808C60A6385B1826862087DCA498F7AE7B68CD65083A9066FB4BE9B64F5B46558DD849E99ADA270FB9474AB2F322D44C76B671D6F28220211118C15C60A6305D1C410F814B787A19A6565B0FC4123EBFB6E8F7A1B169F926199A0E4101F37D93AEE0044042222182B8C15C60AA28941F814A7213A6065A70281EE97EF517743EA5392AD6EBBB430DD8C76D6F15B23221011C15861AC3056104D0CC0A738BBFFB639BAFB028576136EF2E8160C994FD1038F0FF34D1965DD0844042222182B8C15C60AA28995F529CE4CD58D213A6E9247E62A243EA5AF75D0DA11B8317B62AC4B90CA8B8860AC20C60A4D4413C38BBEAEB263AA52437CFC548F2EC6A07D8ABAC0F408DD9C1E3196B5A2F22222182B88B14213D1C4C865AB6685E91C334295B5D2154875607942046F50812BF403E4C351885D101144A40AC71FC60A638526C2EAAE89FEC455134736C9ED0ADFCAE93A5BD0B91443C03E45C73DCD8BF08D54B739BE8A17B67D63B5D0D3101144A40AC61FC60A638526C2EAAE89FEC4D528C7F7B2C27C3D2B1CE71A1FCC41FA47F846A647E0E684AC9BC5E2FA725C359517118956FC61AC305668228C1563E52BAE9C66675098AF272314264EBBE522FDB3339A5E3B5CCD0ADBE9AABB2022884815883F8C15C60A4D84B166ACBCC55581E3FDD4305F4F6BC7B902F629BA6643DD08DFC8BA563F66752C6CA7AB4EAB8C8838F7BFFAEA0469D5AA996CDDBA20AC221FAAE32D5CF8BC346F7E9379DDB7DEDA54162D9A12D5EB896363E58CBFA0EFEB4B2F3D7BA55CAFBFFE5A1930E0413974686D58CA2CDA26D0797EE7F6F6ED8BE4DE7B3B60AC22A089CEEF5F734D2DF9F9CF5BCA9E3D6FC49DF9F67C5FEF41D7AEFF6CDE933A75AE912E5DDAC9AE5D4BE2DD5839E3AAD8F1FAC6305F4F92E35C25C1FC5355F166561B0652A9BEFE7AB5B97DDB6DB754793178EBADDF9BD73A6CD823E276EF941123FA9BAFDF7E7B6655355671C740EED5FCF993CD7D7FF5ABBBE4F2E55DB276ED7F9BAFB5B18B7563158EEB8AD7D8AB4C3C3A3FFFF0C3D7CAC45B3C1B2B7DC8D6F70F1C5829F9F96F9ADB4D9B364213BD33D2FE848C55048C5FAE35462CA1B2696FCF4A6567AE74FBDCB90F64D0A0DE579E581E7DB4879C38B1C9FCECE8D10D72DF7D7798DF55239697B7B4C27DEC73D9A668E0C05EE6FBFA7D7DBD7CF98B3EF777322DADADB98F9DC93872649DF95ADF779E4B9FFA3B756A73C538B66FDFCA3CEED0A17DCBFCEFFE5CB7F35864ACCA8DBFA04C81968FEE9B9535DB67BC8E1EFDB859568D1ADD206FBCF142C0F1EABC56CD94E9F69429BFF9C9792BDADF191BBEAEC3570C3AB326A1EA528DE38C95DF9AE84B032B5BBEF6F79F7EFA21F33335685AE67616B24D9BE6E6B1356E972D9B1ED0399CACE89813273E25D75D57471A36AC7F25A3EF2B069DD4CFF57DFBFAE90AFC495C1555B78C1563ACFC2B6C4FF1A8F4780267A5B29F4AECA73515077DADEFEFDFFF96B9FDC003779B9FF5EAD5C57CAD0D8CBFFBD8E73A75EA6FE6DFE4E4C6E6FBDAEDA3AF8F1FFFABCFFD9DB41B1FCFFF45C5C0792EEDD6D4F3E97BDA30DA8DB69D09B18FE1CF753B8F85B12A37FE823204DA40E8BE2525DB7DC6AB969F9D61D54623D078B58FA7DDCAFA571B1A6FE7AD687F676CF8BA0E5F3158DE36C62ABC9AE82D63A5C62390F2B5BFBF7AF5CB57CAB7478F4EE6676A80B47B4D754EDF4F4CAC1BD0399CACE8981A675F7CF18EB95DAFDE3F5418839E5DF2FABE1A337D90D1CC551C1B2B6F7155EDC658312BD07761E7B87E5CF1B5BC75BE024EC9AAA0D84FE39E4FCEF6D37479C6A6A27D9C15B86DDB1473DB163215888AF6F7D6005764ACB43BC9F3DAF43DA5F37AFCB96EE7B1E2DC58F98ABFA04C41CD9A35CC7D8B8AB6FA9D5DD07D028D57CFEFCF9D3BD1EB792BDADF5B9CF9BA0E6F3188B18A8E263AEF91C6926AD18E1DAF0754BECEEFDBE56B7FA659F5C9939F36B352DECADADF733859D1317DD5136F31E8491D53A5264FCD957E47CD569C192B5F7155ED6605B28E957794F73416B4B1D2ED31639E302BD0C68DAFFCA402FADBD0F8DAC7792E7D02D2ED871FEE6EFED5315215EDEFA42D24FA34A6AF0B0A5699AFED54BA37B1F0C7585574DD716EACFC89BFA0EE976682FCE90AF4F63A9078B5F7D7D85753AE863F1063E56F1DC058553D4DF475AF2B5BBEDE8C95FDB0A75DC8FA7AFDFA3F5558D6FEEAA0BFC72CAF9E5464AC6CDA19316FE62E4635D19FB8AA76EB58B1F27A906E3B1063A5954C072C6ACA582B92CEC6D2CFB46FDEEE26D45922CEAE117DA271768DF8DAC779AE55ABFE78652C83CB31E8DCD7FEDE06AFDB5D37F658017DBF3CB1D254BADD68DBE7B7BFE3EF75F39336FEA7D0039DE9A9FBF6EEDDD58C47ED52D1D73AEBB3A20623907875EEAF63FEEC2C6A795D81BEF6B7E9EB3A7CC5A073DBCE10689768A099527ED2263CC6CA1FADD0717FB6D9D158761A1A7B1F5FC6CA5F1DF4F798CED7BE62D09B69D3AEC67DFB32CD6D6D1F7C3D04F85BF763241EABDDCAEB0A7E2B30C2C64AA9954D5F6764FC520A0BDFBF3208532BB056481DC46BA7A075A0B81A237DCAB7A727FBDAC7792E6D30EC6E1FFDAB83352BDADF932A3ADAE0EA31749C9673B9056F155C07BA6B83A8D7ACB3099DDFF1F7BA3156E1355676B96A97B4969396870EEAF536D8DCF37520F1EADC5F33B576EC7BEB72A9687F9BBEAEC3570C3AB7972C99663EE068DDD0491D18ABAA63ACFCD18A91231F33CB4E33E81A3BF68C57FD7E799316FC3D87E72C5A7F8EE97CED2B069DD4B15DF6720BFABFE8720BDEEA611C1B2BDBA7549BDF0A7459FD9AF911CA5A69DA6F403C88086431BCAA6EAC200B8456574D24F6E34E13FB3AEA9766AD423D883DD591159350F9946C57F8C73D8DB25C6002220211118C15C60A63152835BB13AA71486862B541B6A38E1D70856EE985242BB9E4CC5685C4A7685FE23197EF1FD70C06EDACE3B74644202282B1C25861AC209A18804F39E96180823557491EDD8C45A1F6293ACDF0A02BF403CB93ADE30E4044202282B1C25861AC209A18844F717B64AE02ED164CF5C85449B87CCA20CB04852A73D5CE3ADE2444042222182B8C15C60AA28921F0294E73A5DB3AA0BD919FFBEBF766781C43C2ED5332AC74DBF820FB194759DD7F831011888860AC3056182B882686D0A79CF1A8776A94B22CCF91EAE8264CB2BAF7749F4C57D99FC8B1BBFF22E25392AD7E474D93F5ACE4BEBAA4428ED5FFD91A11818808C60A6385B1826862987C4A303FEA1C159FD2DFBA70EDCED315DA75CAA3FEB6A0FDC3CD75AD7FAEA7958A2BB02E74902BB666FF21228808C60A62ACD04434B1EAC1F629EE4A1AAAA8FB145DE974ACEBC7E5DED564D9AB93EADFC356FA6DBC2B765654474410118C15C458A1896862F5013E0511818808C60A63852642341100440411C158418C159A88260280882022182B88B14213D144001011888860AC30566822441301220211118C15C60A4D8468220088082282B182182B34114D040011414430561063852642E21120221011C15861ACD04488260244042222182B620F63453CA2890020228808C62A3AE6C32F62ACD0448826024404222218AB72CA279CDFC758A18910630510118888C4BDB1AAECFB182B3411A2890011818808C60A63852642341100440411C15861AC305668229A080022828860AC3056182B34114D04A0FAE09A6B6A9596946CA702570116177FF4AD5124EE380A3FB7DD909F39935DAD8C95CBCFD980D5A5912E2ADA8AB14213D144004281DB6EBBE57876F67C2A7115E0BBEFFEF13DA34872E328FC72ED867CDBB68564ACA2C8DCDC254E5375004D4413D1440002C43DF7B45F397DFA082A711560EFDEF7BC6114C9AC380ABF3976633E69D2208C55143975EA30A7B15A8026A28968220001A249931B3A3569D2F0A2DBBD938A1C5D1EAC51A3C67EA348D2E228FC7AD88D7952D2F572F2E4668C5514A8DDB00D1AD4BBE430563DD14434114D042008346EDC206FF6EC7154E428323DFD9E578DA2D81467A19760B0C06ED0870FEF87B18A02C78E7DD299AD2AB0CA054D4413D144008240EBC4C4EBCEE7E42CA6424781D9D9AFBE6B94C13183A971187B198E46DDEC9262E5F5A875018A551E004D4413010845B74CC386F5CF22249117901A356A7C6DDCFFF4388EBDA5CEC65D3357557596A02B467E2B50EFEFF8F1BFF6BCD64C64104D44130108B190D4AA75F5B9175F1C759AF105E11F3F60A5BA8F2120AEDA06B39C8DBC8EB9D201ED3A5BB0BA2CC5501D9654D0D97F9AA5F218532556974B6D24104D44130108430ABC66CDAB36D6AD7BED8961C31EF978C386578EB1A64BE8D664D1E9C33AD3C51A94B98954771973B534908C100C9A99982A34114D0420FC686770BAC16D064B687C42425DE84ED764D1E9C3CC74F10E1DE35340AC4484052EC654A18968220000C43C74569A2EC530C7125D370D5048CD94AE53D5D3C5EC3F00000000000000000000000000000000000000000000000000000000000000000000000000000000000000000000000001E0FF0048D2020C3E54B50F0000000049454E44AE426082),
 (0x323032,1,0x636F6D2F62706C6F772F746F646F2F776F726B666C6F772F7574696C2F636865636B43726564697450726F636573732E62706D6E32302E786D6C,0x323031,0x3C3F786D6C2076657273696F6E3D22312E302220656E636F64696E673D225554462D38223F3E0A3C646566696E6974696F6E732069643D22646566696E6974696F6E73220A09786D6C6E733D22687474703A2F2F7777772E6F6D672E6F72672F737065632F42504D4E2F32303130303532342F4D4F44454C22200A09786D6C6E733A61637469766974693D22687474703A2F2F61637469766974692E6F72672F62706D6E22200A097461726765744E616D6573706163653D224578616D706C6573223E0A0A093C70726F636573732069643D22636865636B43726564697450726F63657373223E0A0A09093C73746172744576656E742069643D22746865537461727422202F3E0A09093C73657175656E6365466C6F772069643D22666C6F77312220736F757263655265663D22746865537461727422207461726765745265663D22766572696679437265646974486973746F72795461736B22202F3E0A09090A09093C757365725461736B2069643D22766572696679437265646974486973746F72795461736B22206E616D653D225665726966792063726564697420686973746F727922202F3E0A202020203C73657175656E6365466C6F772069643D22666C6F77322220736F757263655265663D22766572696679437265646974486973746F72795461736B22207461726765745265663D22617070726F76616C4465636973696F6E22202F3E0A202020200A202020203C6578636C7573697665476174657761792069643D22617070726F76616C4465636973696F6E22202F3E0A202020203C73657175656E6365466C6F772069643D22666C6F77332220736F757263655265663D22617070726F76616C4465636973696F6E22207461726765745265663D22636F6E74616374437573746F6D65725461736B223E0A2020202020203C636F6E646974696F6E45787072657373696F6E3E3C215B43444154415B247B21637265646974417070726F7665647D5D5D3E3C2F636F6E646974696F6E45787072657373696F6E3E0A202020203C2F73657175656E6365466C6F773E0A202020203C73657175656E6365466C6F772069643D22666C6F77342220736F757263655265663D22617070726F76616C4465636973696F6E22207461726765745265663D226E6F726D616C456E64223E0A2020202020203C636F6E646974696F6E45787072657373696F6E3E3C215B43444154415B247B637265646974417070726F7665647D5D5D3E3C2F636F6E646974696F6E45787072657373696F6E3E0A202020203C2F73657175656E6365466C6F773E0A202020200A202020203C757365725461736B2069643D22636F6E74616374437573746F6D65725461736B22206E616D653D22436F6E7461637420637573746F6D657220666F72206675727468657220696E666F726D6174696F6E222F3E0A202020203C73657175656E6365466C6F772069643D22666C6F77352220736F757263655265663D22636F6E74616374437573746F6D65725461736B22207461726765745265663D22637573746F6D6572436F6E746163746564456E6422202F3E0A202020203C656E644576656E742069643D22637573746F6D6572436F6E746163746564456E6422202F3E0A202020200A202020203C656E644576656E742069643D226E6F726D616C456E6422202F3E0A0A093C2F70726F636573733E0A0A3C2F646566696E6974696F6E733E),
 (0x333032,1,0x636F6D2F62706C6F772F746F646F2F776F726B666C6F772F7574696C2F46696E616E6369616C5265706F727450726F636573732E62706D6E32302E786D6C,0x333031,0x3C3F786D6C2076657273696F6E3D22312E302220656E636F64696E673D225554462D38223F3E0A3C646566696E6974696F6E7320786D6C6E733D22687474703A2F2F7777772E6F6D672E6F72672F737065632F42504D4E2F32303130303532342F4D4F44454C2220786D6C6E733A7873693D22687474703A2F2F7777772E77332E6F72672F323030312F584D4C536368656D612D696E7374616E63652220786D6C6E733A61637469766974693D22687474703A2F2F61637469766974692E6F72672F62706D6E2220786D6C6E733A62706D6E64693D22687474703A2F2F7777772E6F6D672E6F72672F737065632F42504D4E2F32303130303532342F44492220786D6C6E733A6F6D6764633D22687474703A2F2F7777772E6F6D672E6F72672F737065632F44442F32303130303532342F44432220786D6C6E733A6F6D6764693D22687474703A2F2F7777772E6F6D672E6F72672F737065632F44442F32303130303532342F44492220747970654C616E67756167653D22687474703A2F2F7777772E77332E6F72672F323030312F584D4C536368656D61222065787072657373696F6E4C616E67756167653D22687474703A2F2F7777772E77332E6F72672F313939392F585061746822207461726765744E616D6573706163653D22687474703A2F2F61637469766974692E6F72672F62706D6E3230223E0A20203C70726F636573732069643D2246696E616E6369616C5265706F727450726F6365737322206E616D653D224D6F6E74686C792066696E616E6369616C207265706F72742070726F63657373223E0A202020203C73746172744576656E742069643D2273746172746576656E743122206E616D653D225374617274223E3C2F73746172744576656E743E0A202020203C757365725461736B2069643D22757365727461736B3122206E616D653D225772697465206D6F6E74686C792066696E616E6369616C207265706F7274222061637469766974693A63616E64696461746555736572733D2277616E677869616F6C6569223E3C2F757365725461736B3E0A202020203C757365725461736B2069643D22757365727461736B3222206E616D653D22566572696679206D6F6E74686C792066696E616E6369616C207265706F7274222061637469766974693A63616E64696461746555736572733D226368656E677869616F666569223E3C2F757365725461736B3E0A202020203C656E644576656E742069643D22656E646576656E743122206E616D653D22456E64223E3C2F656E644576656E743E0A202020203C73657175656E6365466C6F772069643D22666C6F773122206E616D653D222220736F757263655265663D2273746172746576656E743122207461726765745265663D22757365727461736B31223E3C2F73657175656E6365466C6F773E0A202020203C73657175656E6365466C6F772069643D22666C6F773222206E616D653D222220736F757263655265663D22757365727461736B3122207461726765745265663D22757365727461736B32223E3C2F73657175656E6365466C6F773E0A202020203C73657175656E6365466C6F772069643D22666C6F773322206E616D653D222220736F757263655265663D22757365727461736B3222207461726765745265663D22656E646576656E7431223E3C2F73657175656E6365466C6F773E0A20203C2F70726F636573733E0A20203C62706D6E64693A42504D4E4469616772616D2069643D2242504D4E4469616772616D5F46696E616E6369616C5265706F727450726F63657373223E0A202020203C62706D6E64693A42504D4E506C616E652062706D6E456C656D656E743D2246696E616E6369616C5265706F727450726F63657373222069643D2242504D4E506C616E655F46696E616E6369616C5265706F727450726F63657373223E0A2020202020203C62706D6E64693A42504D4E53686170652062706D6E456C656D656E743D2273746172746576656E7431222069643D2242504D4E53686170655F73746172746576656E7431223E0A20202020202020203C6F6D6764633A426F756E6473206865696768743D223335222077696474683D2233352220783D2233302220793D22323030223E3C2F6F6D6764633A426F756E64733E0A2020202020203C2F62706D6E64693A42504D4E53686170653E0A2020202020203C62706D6E64693A42504D4E53686170652062706D6E456C656D656E743D22757365727461736B31222069643D2242504D4E53686170655F757365727461736B31223E0A20202020202020203C6F6D6764633A426F756E6473206865696768743D223535222077696474683D223130352220783D223132352220793D22313930223E3C2F6F6D6764633A426F756E64733E0A2020202020203C2F62706D6E64693A42504D4E53686170653E0A2020202020203C62706D6E64693A42504D4E53686170652062706D6E456C656D656E743D22757365727461736B32222069643D2242504D4E53686170655F757365727461736B32223E0A20202020202020203C6F6D6764633A426F756E6473206865696768743D223535222077696474683D223130352220783D223239302220793D22313930223E3C2F6F6D6764633A426F756E64733E0A2020202020203C2F62706D6E64693A42504D4E53686170653E0A2020202020203C62706D6E64693A42504D4E53686170652062706D6E456C656D656E743D22656E646576656E7431222069643D2242504D4E53686170655F656E646576656E7431223E0A20202020202020203C6F6D6764633A426F756E6473206865696768743D223335222077696474683D2233352220783D223435352220793D22323030223E3C2F6F6D6764633A426F756E64733E0A2020202020203C2F62706D6E64693A42504D4E53686170653E0A2020202020203C62706D6E64693A42504D4E456467652062706D6E456C656D656E743D22666C6F7731222069643D2242504D4E456467655F666C6F7731223E0A20202020202020203C6F6D6764693A776179706F696E7420783D2236352220793D22323137223E3C2F6F6D6764693A776179706F696E743E0A20202020202020203C6F6D6764693A776179706F696E7420783D223132352220793D22323137223E3C2F6F6D6764693A776179706F696E743E0A2020202020203C2F62706D6E64693A42504D4E456467653E0A2020202020203C62706D6E64693A42504D4E456467652062706D6E456C656D656E743D22666C6F7732222069643D2242504D4E456467655F666C6F7732223E0A20202020202020203C6F6D6764693A776179706F696E7420783D223233302220793D22323137223E3C2F6F6D6764693A776179706F696E743E0A20202020202020203C6F6D6764693A776179706F696E7420783D223239302220793D22323137223E3C2F6F6D6764693A776179706F696E743E0A2020202020203C2F62706D6E64693A42504D4E456467653E0A2020202020203C62706D6E64693A42504D4E456467652062706D6E456C656D656E743D22666C6F7733222069643D2242504D4E456467655F666C6F7733223E0A20202020202020203C6F6D6764693A776179706F696E7420783D223339352220793D22323137223E3C2F6F6D6764693A776179706F696E743E0A20202020202020203C6F6D6764693A776179706F696E7420783D223435352220793D22323137223E3C2F6F6D6764693A776179706F696E743E0A2020202020203C2F62706D6E64693A42504D4E456467653E0A202020203C2F62706D6E64693A42504D4E506C616E653E0A20203C2F62706D6E64693A42504D4E4469616772616D3E0A3C2F646566696E6974696F6E733E),
 (0x333033,1,0x636F6D2F62706C6F772F746F646F2F776F726B666C6F772F7574696C2F46696E616E6369616C5265706F727450726F636573732E46696E616E6369616C5265706F727450726F636573732E706E67,0x333031,0x89504E470D0A1A0A0000000D49484452000001DB00000046080600000084F53E1D00000EDC4944415478DAED5D0B7015E515DE861802C626C4C0C4349528198192CE60894C5A03069AD60041A3849A5A1A11942195D418A150448C49354AC4B4228D18248E46DE1068C4804152A4101ED1E8A0320EE3E0281506158A29B962E49EEED9FC9B6E96E466EF73F7EEFDBE9933F7FEF7B1AFFFDBEFFCE7FC8F952400000000000000000000000000000000000000000000000000000000300B444D912B572E9C9F9F9FFDDED8B1A31C919111C41FC37C6FFDFA8539870D4BFCF2E69B47EF18366CE804B00F9C0427012004F0D24B8FCE9D3021F5425252029595155053D32A72380E10510BCC0FC6D7B6B9B9862A2A1EA4E1C3875E4C4818FC9E5C0D29602238094E02804DB17AF5D26DF1F1575365653175741C82F098602B56FC896262A2DA070E8CB81D8C0427C14900B0A1A82527FF5869D14260CCB5A34737505C5CCC3772B5648393E024380900364AD371F40051B396B80D1810712E54D377E024380900B6020F3CE1FE304ED34150AC6515150F7E1D1E1EBE079C8481930010E4E0119E3CF004FD61D6B4D8D8E8CFE56A4A032761E024000431782A058FF0848858D30A0BF38EC8D554014EC2C049000862F09C459E4A61F4467B6375313D9793407F9D1243CBB2A2A974523C6D5C590811F293EDDDFBE21772351D0127C1497012008218BC3880D1398B3B5F5E407FBF3D96AAF36269956C2BA60DA2F2C9D1547C4B34D5AE7C1042E4A7398F7235758093E02438193488932D4F44FF4DB271DA5DBB70C829D99A65AB96ED3ED992AC7A2251B2E5CA56255B836C2744C56B4F649F389199B225A2EE5DC2F04D5635259A6A64415B268B59F914B641F444F6605A302196EE1F7F0D84C84F26780D4E8293E0A4B591295B9D6C0EC9BD55BB3A84F3657F156E85134995AD469C081FD822717249BA0364E79A2EDB3CCD8937CA966395130956612B1F1F453BAB96D0C986657470F543F4C78CC1549C790D3DF0ABEBA9E096C1F47DC7410811840D9C0427430DA922ADEE8BE5328F8968D714B0F35C27DB97B2957810A9468A909E1D74AB6C59E08667C2F64AC128729CFE98CEEFAFA27F373E4BEF6F788C4EEC789ACE9E78873617A590F312468F42D8C0497032A450AECBACAA916A83F05719B2258B8CACEA8F3840E4D1DC4BC4EF7A8A841B029D95CD154EB652B6181F6C2F47A4996B34270F676BF006DBF4F8ED74F6F05A3AD3B289DADF5B27DB7AE5FDD977D6D1D6C7A74284206CE02438192A8812FDB15A07D926FA69DDED838D1199DAE3BAED9D13CEDAEF5822FA637DBD3C589C70B67C62F1F0B5C684EDBB8E23B4A06C39AD2B4CA56F5B5693E3833AC5DA5B5FA3ADF353E9A1254F93E3DBC31022081B38094E8682A3DDA7738CCD2282F506DCCD59A48B94DB44D0E977479BE4C77D948BA83919CED6F58D75F1BB23B4E6F5DD9498B59B3EF8ECBFB4E191DB68FD235315E3F7FB3E6AA3C45FEFA117B634503BC40DC2064E8293F6863EA22D917C3B1E68846C4735DB77487E5A933A37008E56C57CB1AF7838DB9ECDE96CA1DA5D4D3434FB5FF4D1C976AA3D4954FC0151C121A2D9FF24BAE70DA292BD44078EB5D3D049FBA97ADB2EEAF8FE080409C2064E829376EDA3D53A5A7F459D51A2DF561BE18EF0E50E1245B419C8414C1C45D749A13B52D9E54DB5FBD01ECACC5D469B0E7E4F2FBC4F54D8ECA4B94D4EBA6F9793F2B73BE9B7EB9D94FBF2255ADC200BDC06274DCC798AEA76D74390206CE024386937A4EA52BC257EDE1F0FA66A94BA4F6B8DF3D5C637499D83A1020DCEB7CF83B3BDDC5A97FE84CED42FA2E7D7D4D34C59BC66CB51C3BDFF70D2EF37CBA2F69A93A6ADB944B75539E997CB894A2B77D3D73B97D2C185291024081B38094EDA0DADBA3EDA40046871220055F7EB13FF982A361A63C2451C21F61D0767DBDDDE9785EDEC9BA59437A786FED278817EB799E86E3972B8EB1559D4563B69FAAB443935448BB67E4B93F36BE9DCEE323ABC68140409C2064E82937642A62EA51BC8B13ED9BA7D7BDDC55A2352BA66A14AE4E3E16C3576E6680DBDFBC8709A3DBB9C6E9AD944F7EE72D22C8DDD2B2C79D2767AF80F8F526BE9183ADD5A0D4182B08193E0A49D50AF7178663C84A1CE57FBE7CE608764EED28AC922BA0D87B075B74B1DCD74E142332DAE7A8BD2A6D7D2A8EC4D74C3E42D7443D6661A99B59E6E9CFA2ADDF3D82E6AFB66BFF25B8811840D9C04276D8438E9FF0B4F7448E6AC659C2A759F7FEB71063857E4C0CD06CF9D4AB709411A0D9E0BC403C2064EC2C0C9DE9127755FD9C92C6817BDC8F126853BDF0217BECC46A964B552984C691036081B380903273DE2648514B811C87DF927AF074A716B21D302179E8FA1C96624D2B6C8D2216C10367012064EBAC549ED221666663E73758D038F10A8452CFA021FC3299B92485B49E91036081B380903270D7152FB3C5A33571C4C91BACFB9F508DCE91C6EA18B6F6712695B70693D09DBC891D729BFF9F8E3AD4A79CF9E1794F2AA558B95327FCEE5EBAFFF91AB1B51797FE0C01ACAC8186349C1D01F9BF6B85D9D93115BBFFE498A8FBF9AFAF50BF3FAFCC1C94E63BEF177274FBEA1943FF964BB524E4A4AF0E6BAFABCBE8285A3E0A4614E6ACB663EC02652772C41EFE028D44C7F231516DEA57CBE7CF9434A79F1E2594AF9EEBBB394726565B1529E33E74EB704CDA2AD73BF08D91557842BBF77380ED0A54B877D729CA1CC49B6FCFC29CA77EC1895C7EBBD52AA94F9736FB9E0CBFA0A168E82931E9995FC13225B8B371AF821C7D99AEB7DD98D5457F78CF25BB5453D66CC48A59C98384429DF7AEBCF95F2962DCBBAB6CBBF1D3B7654B71BB17FFF88CB04F4FCF9BD3473E654E5BB0103FAD3F4E99974E64C63AF3733EF9B85F0AAAB065269E95C9A366DA2F25F8E4254D16D6B7B9B0A0A7295EDF1770F3CF01B4534B5DB59B8F01EBAF2CA013464482CAD59B3B4C76353DF736343DDC7DAB54F74FB2E3D7DB4F27AECD866E5737EE5725ADA4FBB8EBDA76D238AF08E936AF4A975AE33664C56CA6A1DB9E2963B3C3552C7C1CE5170D22D4EDA2AB2B54A9F6DA28DFB6CF582D66BFFD8C58BCD4A3A8DED8B2F762AFF6701E1D74F3FAD578485BF637153B7FFF6DBD5F4D5576F5DD6C2D63B9C59B36E53CA478F6EA00F3FDCA8BC9F34E917BD3ADBEDDB9F55D2866A991B027C0CFC7ED0A01F2ABF6511E3F2C68D4F75351458CCB4DBA9AFAFEC4A7FABFFEB2D6AD8B1E36F5D294A163EED77BC0F7E5DBAF47EE5F3254B662B6516477F4519361636C39C64FBECB31DDDD2C6D75E1BAF94F9F3BEB8E50E4FDDADE360E52838699893B6EAB3E5CEE80C0B5C781E8DBCCF6624E2F9CB392E32073DDE4C6AEB989D2C3B578E10D8C1722A993FD74707DAD49B2B67AB6FADAB9185BBE9336D59DD261F039B769B3DFD8FCFC3E83EF4BFE5ED7384AF0A3EF723B230720305CED6BF9CD43AD883075FEE966DE98B5BEEF0D4D33A0E368E8293863969ABD1C83CCFB6C802179EE73155D88444BD450D8684ADA4644ED7CD3B654ABAF219A7E0D4BEAD050BF27B752A469C6D5FFD62EE0819A7E6F442C6E9B8BEFEE7CE3EB4EF3955C8EFD5BEEB871F9EE1D7FE331B099B579CD4A68EEFB86382F2CA6523DC7297A79ED471B071149C34CCC9159235E6D996688E6385A71BC9F3C653FB105689B003DAB2EBE966E2749B5AB155557F563EE30153EA670D0DCF19123116144933F044154B4E6971BA8FDF8F1FFF33AF844C4D1F6A5374DCA7D5D7FFF4C76654C838CAE74647747454B751DB468FDF959862693CD7CE561D14A51A97F58EB8276EB9EB6CBDADE360E32838E91233246BAC20A57DA0BCC7CFD1E5B527F9690631269E4892388648085B672A4D6D8D9F3EFD66B781167C1377741C3224622C869CC2E254170F16397B768F223CEA4011EE53E37E616F848C079FF0C868DE1E1B8B987EF08991637327C2E081385C9E38F126B72373089BE7CE56EDA754EDF8F1BAAEEF5C71CB5D67EB6D1D071B47C14997E0B13CDAB591CD783A9CB6BFD6E1ED31F05315669A9C42AE96420F98A4EF867123840786714A9DAF5D4BCBAB98D368334E9A51C7C176FC21C8496DBFAD194FA7ABD1ECBFC6DB8D658930D98C29401C517F2999FBD42138DB20304ECB7164327CF850AAAD2DC3020236E4A419751C6CC71F829CD4A69279747220A7008D1011B5BAFFD1BED868AB38A9408323DA155268024E144BE381933070D235C2757DA68B4C8AAAEB7CB5D10CA973FE507C004F84F7795C3277B232840D06610327C1C9E0896E3B7C1561F68122DD3E537C1D65AE0B503A597D607CA614BA807840D8C0491838690CF51AE7774CF2EFA0DE3C5DFA78AEBFC2757FCF774D12116D9114DA807840D8C0491838690CF12240D32E2E11E92747DB26F97050546F8813E9647FE5C59385A32D97008807840D9C848193C6C14FA63AA77184DCA7EACBC1B545BA88B6C1DFDD9C7CF027FCE0103344CBA4087E16C20661032761E0A407E0A51D1D1A87C85168AE97DBE451C7FBA4CB1FF11790F1441CE1F2E82B1EA5EC6DC730E7D6AB45449B091F0B6183B081933070D20B64EA52BDAA737477FDE4149126EED06DAB463261E0EE3C91566667E9EE0830EE9B2D11D16C9514BAA38E216C10367012064EFA161C8D7E2E5DFEF420352B3B43F82CB55F375238D75CE1975A7BF82F3BDDB9669E549438383E317E42438508E547E87E172F5A1CBC2254A36879544BA1B96005840DC2064EC2C049FFFBA6F21EA25C4FAC4EF2F1F41E6F91261C6F83684168C3EF531A679C2185DE5AC71036081B38090327038F4411E49D73D3C13A44CA78342EA18DD1BF7F84535D101D663D6B6FDFFFA9684C8293307032381029B2AB152220D4A7994F89AC2BAF5AC8537CE270C9420023475E77BAA9691544C4A2B66DDB33AF4B9DCFDC042761E02400042BC68DBB717359590144C4A23675EAB8B592FF1778012761E02400F8B59321F1EAB1898943BE539F4F0BB3949D080B0BFB50EA1CA3004EC2C04900086624240C6EA9AC2C869058CCB2B3C7BD28FA76C0491838090036C088E8E82B2F3437D740502C624D4D2F6E933A0752A48093E003380900F641E69021B1FF81B85943D4C2C2C23E91EB241B9C0427C14900B0A1B845445C71FEC927E77D8DFE3273FAC3449AEE14440D9C042701C0E6E9BB7EFD7EB02B2A6AE0993973EE7C77E7CEE74F61CEA37FE72CF2540A1EE129069E34224D074E829300103AE0D54C7835147E0A85F6E91630DF1A2F0EC07316792A0546788293E0240000000000000000000000000000000000000000000000000000000000000000000000000000000000000000000000000000D6C4FF004E241F8BC707202D0000000049454E44AE426082),
 (0x353032,1,0x636F6D2F62706C6F772F746F646F2F776F726B666C6F772F7574696C2F6D79686F6C6964617950726F636573732E62706D6E32302E786D6C,0x353031,0x3C3F786D6C2076657273696F6E3D22312E302220656E636F64696E673D225554462D38223F3E0A3C646566696E6974696F6E7320786D6C6E733D22687474703A2F2F7777772E6F6D672E6F72672F737065632F42504D4E2F32303130303532342F4D4F44454C2220786D6C6E733A7873693D22687474703A2F2F7777772E77332E6F72672F323030312F584D4C536368656D612D696E7374616E63652220786D6C6E733A61637469766974693D22687474703A2F2F61637469766974692E6F72672F62706D6E2220786D6C6E733A62706D6E64693D22687474703A2F2F7777772E6F6D672E6F72672F737065632F42504D4E2F32303130303532342F44492220786D6C6E733A6F6D6764633D22687474703A2F2F7777772E6F6D672E6F72672F737065632F44442F32303130303532342F44432220786D6C6E733A6F6D6764693D22687474703A2F2F7777772E6F6D672E6F72672F737065632F44442F32303130303532342F44492220747970654C616E67756167653D22687474703A2F2F7777772E77332E6F72672F323030312F584D4C536368656D61222065787072657373696F6E4C616E67756167653D22687474703A2F2F7777772E77332E6F72672F313939392F585061746822207461726765744E616D6573706163653D22687474703A2F2F61637469766974692E6F72672F62706D6E3230223E0A20203C70726F636573732069643D226D79686F6C6964617950726F6365737322206E616D653D22E8AFB7E58187E6B581E7A88B223E0A202020203C73746172744576656E742069643D2273746172746576656E743122206E616D653D225374617274223E3C2F73746172744576656E743E0A202020203C757365725461736B2069643D22757365727461736B3122206E616D653D22E9A1B9E79BAEE7BB84E995BFE5AEA1E689B9222061637469766974693A61737369676E65653D226B65726D6974223E3C2F757365725461736B3E0A202020203C757365725461736B2069643D22757365727461736B3222206E616D653D22E9A1B9E79BAEE7BB8FE79086E5AEA1E689B9222061637469766974693A61737369676E65653D2277786C223E3C2F757365725461736B3E0A202020203C757365725461736B2069643D22757365727461736B3322206E616D653D22E680BBE7BB8FE79086E5AEA1E689B9222061637469766974693A61737369676E65653D226B65726D6974223E3C2F757365725461736B3E0A202020203C757365725461736B2069643D22757365727461736B3422206E616D653D22E4BABAE4BA8BE5BD92E6A1A3222061637469766974693A61737369676E65653D226B65726D6974223E3C2F757365725461736B3E0A202020203C656E644576656E742069643D22656E646576656E743122206E616D653D22456E64223E3C2F656E644576656E743E0A202020203C73657175656E6365466C6F772069643D22666C6F773122206E616D653D222220736F757263655265663D2273746172746576656E743122207461726765745265663D22757365727461736B31223E3C2F73657175656E6365466C6F773E0A202020203C73657175656E6365466C6F772069643D22666C6F773222206E616D653D222220736F757263655265663D22757365727461736B3122207461726765745265663D22757365727461736B32223E3C2F73657175656E6365466C6F773E0A202020203C73657175656E6365466C6F772069643D22666C6F773322206E616D653D222220736F757263655265663D22757365727461736B3222207461726765745265663D22757365727461736B33223E3C2F73657175656E6365466C6F773E0A202020203C73657175656E6365466C6F772069643D22666C6F773422206E616D653D222220736F757263655265663D22757365727461736B3322207461726765745265663D22757365727461736B34223E3C2F73657175656E6365466C6F773E0A202020203C73657175656E6365466C6F772069643D22666C6F773522206E616D653D222220736F757263655265663D22757365727461736B3422207461726765745265663D22656E646576656E7431223E3C2F73657175656E6365466C6F773E0A202020203C73657175656E6365466C6F772069643D22666C6F773622206E616D653D222220736F757263655265663D22757365727461736B3222207461726765745265663D22757365727461736B31223E3C2F73657175656E6365466C6F773E0A202020203C73657175656E6365466C6F772069643D22666C6F773722206E616D653D222220736F757263655265663D22757365727461736B3322207461726765745265663D22757365727461736B32223E3C2F73657175656E6365466C6F773E0A20203C2F70726F636573733E0A20203C62706D6E64693A42504D4E4469616772616D2069643D2242504D4E4469616772616D5F6D79686F6C6964617950726F63657373223E0A202020203C62706D6E64693A42504D4E506C616E652062706D6E456C656D656E743D226D79686F6C6964617950726F63657373222069643D2242504D4E506C616E655F6D79686F6C6964617950726F63657373223E0A2020202020203C62706D6E64693A42504D4E53686170652062706D6E456C656D656E743D2273746172746576656E7431222069643D2242504D4E53686170655F73746172746576656E7431223E0A20202020202020203C6F6D6764633A426F756E6473206865696768743D223335222077696474683D2233352220783D2233302220793D22323030223E3C2F6F6D6764633A426F756E64733E0A2020202020203C2F62706D6E64693A42504D4E53686170653E0A2020202020203C62706D6E64693A42504D4E53686170652062706D6E456C656D656E743D22757365727461736B31222069643D2242504D4E53686170655F757365727461736B31223E0A20202020202020203C6F6D6764633A426F756E6473206865696768743D223535222077696474683D223130352220783D223132352220793D22313930223E3C2F6F6D6764633A426F756E64733E0A2020202020203C2F62706D6E64693A42504D4E53686170653E0A2020202020203C62706D6E64693A42504D4E53686170652062706D6E456C656D656E743D22757365727461736B32222069643D2242504D4E53686170655F757365727461736B32223E0A20202020202020203C6F6D6764633A426F756E6473206865696768743D223535222077696474683D223130352220783D223239302220793D22313930223E3C2F6F6D6764633A426F756E64733E0A2020202020203C2F62706D6E64693A42504D4E53686170653E0A2020202020203C62706D6E64693A42504D4E53686170652062706D6E456C656D656E743D22757365727461736B33222069643D2242504D4E53686170655F757365727461736B33223E0A20202020202020203C6F6D6764633A426F756E6473206865696768743D223535222077696474683D223130352220783D223435352220793D22313930223E3C2F6F6D6764633A426F756E64733E0A2020202020203C2F62706D6E64693A42504D4E53686170653E0A2020202020203C62706D6E64693A42504D4E53686170652062706D6E456C656D656E743D22757365727461736B34222069643D2242504D4E53686170655F757365727461736B34223E0A20202020202020203C6F6D6764633A426F756E6473206865696768743D223535222077696474683D223130352220783D223632302220793D22313930223E3C2F6F6D6764633A426F756E64733E0A2020202020203C2F62706D6E64693A42504D4E53686170653E0A2020202020203C62706D6E64693A42504D4E53686170652062706D6E456C656D656E743D22656E646576656E7431222069643D2242504D4E53686170655F656E646576656E7431223E0A20202020202020203C6F6D6764633A426F756E6473206865696768743D223335222077696474683D2233352220783D223738352220793D22323030223E3C2F6F6D6764633A426F756E64733E0A2020202020203C2F62706D6E64693A42504D4E53686170653E0A2020202020203C62706D6E64693A42504D4E456467652062706D6E456C656D656E743D22666C6F7731222069643D2242504D4E456467655F666C6F7731223E0A20202020202020203C6F6D6764693A776179706F696E7420783D2236352220793D22323137223E3C2F6F6D6764693A776179706F696E743E0A20202020202020203C6F6D6764693A776179706F696E7420783D223132352220793D22323137223E3C2F6F6D6764693A776179706F696E743E0A2020202020203C2F62706D6E64693A42504D4E456467653E0A2020202020203C62706D6E64693A42504D4E456467652062706D6E456C656D656E743D22666C6F7732222069643D2242504D4E456467655F666C6F7732223E0A20202020202020203C6F6D6764693A776179706F696E7420783D223233302220793D22323137223E3C2F6F6D6764693A776179706F696E743E0A20202020202020203C6F6D6764693A776179706F696E7420783D223239302220793D22323137223E3C2F6F6D6764693A776179706F696E743E0A2020202020203C2F62706D6E64693A42504D4E456467653E0A2020202020203C62706D6E64693A42504D4E456467652062706D6E456C656D656E743D22666C6F7733222069643D2242504D4E456467655F666C6F7733223E0A20202020202020203C6F6D6764693A776179706F696E7420783D223339352220793D22323137223E3C2F6F6D6764693A776179706F696E743E0A20202020202020203C6F6D6764693A776179706F696E7420783D223435352220793D22323137223E3C2F6F6D6764693A776179706F696E743E0A2020202020203C2F62706D6E64693A42504D4E456467653E0A2020202020203C62706D6E64693A42504D4E456467652062706D6E456C656D656E743D22666C6F7734222069643D2242504D4E456467655F666C6F7734223E0A20202020202020203C6F6D6764693A776179706F696E7420783D223536302220793D22323137223E3C2F6F6D6764693A776179706F696E743E0A20202020202020203C6F6D6764693A776179706F696E7420783D223632302220793D22323137223E3C2F6F6D6764693A776179706F696E743E0A2020202020203C2F62706D6E64693A42504D4E456467653E0A2020202020203C62706D6E64693A42504D4E456467652062706D6E456C656D656E743D22666C6F7735222069643D2242504D4E456467655F666C6F7735223E0A20202020202020203C6F6D6764693A776179706F696E7420783D223732352220793D22323137223E3C2F6F6D6764693A776179706F696E743E0A20202020202020203C6F6D6764693A776179706F696E7420783D223738352220793D22323137223E3C2F6F6D6764693A776179706F696E743E0A2020202020203C2F62706D6E64693A42504D4E456467653E0A2020202020203C62706D6E64693A42504D4E456467652062706D6E456C656D656E743D22666C6F7736222069643D2242504D4E456467655F666C6F7736223E0A20202020202020203C6F6D6764693A776179706F696E7420783D223239302220793D22323137223E3C2F6F6D6764693A776179706F696E743E0A20202020202020203C6F6D6764693A776179706F696E7420783D223236312220793D22323836223E3C2F6F6D6764693A776179706F696E743E0A20202020202020203C6F6D6764693A776179706F696E7420783D223137372220793D22323435223E3C2F6F6D6764693A776179706F696E743E0A2020202020203C2F62706D6E64693A42504D4E456467653E0A2020202020203C62706D6E64693A42504D4E456467652062706D6E456C656D656E743D22666C6F7737222069643D2242504D4E456467655F666C6F7737223E0A20202020202020203C6F6D6764693A776179706F696E7420783D223435352220793D22323137223E3C2F6F6D6764693A776179706F696E743E0A20202020202020203C6F6D6764693A776179706F696E7420783D223432392220793D22323934223E3C2F6F6D6764693A776179706F696E743E0A20202020202020203C6F6D6764693A776179706F696E7420783D223334322220793D22323435223E3C2F6F6D6764693A776179706F696E743E0A2020202020203C2F62706D6E64693A42504D4E456467653E0A202020203C2F62706D6E64693A42504D4E506C616E653E0A20203C2F62706D6E64693A42504D4E4469616772616D3E0A3C2F646566696E6974696F6E733E),
 (0x353033,1,0x636F6D2F62706C6F772F746F646F2F776F726B666C6F772F7574696C2F6D79686F6C6964617950726F636573732E6D79686F6C6964617950726F636573732E706E67,0x353031,0x89504E470D0A1A0A0000000D49484452000003250000007708060000001D3AEFFE000016CA4944415478DAED9D0B7815D5B5C777038488B13C1AE4D158A25285C2EDF541152B0AD2687904A5352A7A7D60510B2A8A888A8A2FA845A58AB7682382C64F544040545440A8D12206058D8A6F6DA98F0A45015B2E841ACDBE6B313BB727E726213939E7CC9C99DFEFFBFEDF8704CF99D9F3CF9A59B3F75ECB18000000000000000000000000000000000000000000000000000000000000008058AC2DCBB9FBEEAB269C7D76D1EB471CD1AB322727DBEA5FA3E4AB458BACEA030FCCFFE2E8A30F79FAC003BB1D87FBF0249EC493084FE2493C091079EEBBEFBAD1C71DD767474141573B65CA185B5636D35656BE64AD5D8752201DDBF2F2523B6DDAA5F6E083BBFDAB6BD78EAFCB65E88D13F1249EC493084FE2493C09104966CFBEFEF1CE9DBF67A74F1F6FABAA5E26F0F8A01933AEB4EDDAE5EE6CD326FB241C8927F1249E4478124FE24980C805B5EEDDF7DB9DF91360FCD5FAF5F36D5E5EBB7FCA6529C29378124FE2498427F1249E0488CCB4AFBE6521A8052BB8EDB557F6B6A84E07E3493C8927119EC49378122042E8C6385D87AAD3BE04946069DAB44BB7B46CD9F2393C89F0249E4478124FE2498050A3953A74631CEB5083A90E1DDA7E2A97A92F9E4478124F223C8927F1244068D1D2815AA98320124C8D1D3B62AD5CA6697812E1493C89F0249EC49300A1456B996BE9C0C6FEA23D337BBCFDFDF0AEF6CEA1EDEC6D83DADAC9833BDB47EF1E4B104A915E78E1DECFE532ADC59378124FE2498427F1249E04082DDA5CA9B1B5CC973D7085FDC3491DECAC111DEC4CD18C93DBDBA943DADAF1FDDBDA87EEBE944094A25AE87299AAF0249EC4937812E1493C892743429E68849B4D2A13E972B7D806951B45E5A259A2F34405413D915C51B1A844B454B4C15DF8D81359E54E64A4289F6BDF208DFE252B19DAD6964A40BB4D82D9D4A1AAF6F6E6A28EF68AE33AD8F38FED42204A919CAFF1249EC4937812E1493C8927339942D16251655C12B22755B924459FEB5B06E144FA884ADD89E8814D7427571077809A84F4135D1C73E22B44C3837222991AD8A61E9B6B97954CB29F2DBDCDAE997D99BD6440473BBEB08BBDE8F803EC98FE1DED37556B084404363C8927F1249EC49378124F9294C43FC3AF6D6222529FDE75B327BEA049C65CD117A21B1398F9C87153449AC8548806E18DC402DB83637AD9CA4DEFDB7FAC2EB17F5B71877D63FE0D76C3D3B7DAAD1B5EB50BC7F5B6D5DF520584C08627F1249EC49378124F229292FF63AAA9BDA2A966E663A97BAE1F20EA6EBC955035CFED3AE1A0D5CB26B97F57D7CCCA5293E6D550C52E19992E6A9784CFD3D9928D6EC625179F342DB02DB8E924BBF59547ECE6750BECCED7E78AE6EDFEF3D657E7DAC76E1A461022B0E1493C8927F1249EC49388A4C4B8E7ECB2B84462BBF1F6911434F1B33407D015521FC67DDE3697D4A41CCD8E74BF4851923F37CF25257A629DC9491A17D8BEAE5A6BAF9872BB9D3BB68FDDB56EB6AD7C6BF16EEDAC78D83E36A18FBD6CD2ADB672D72B0422021B9EC49378124FE2493C8927A39D946842B22A2E8128773322CD41B7618C8B9B79D9EE2631529E9014A4F03BA6BA5998EE26DAECF117EB5F5FAFB5F73FB5D2E60F5A69DFFAE47FECFC6B4FB4F3AE1DB65BFAE755EF6CB7F9273C67EF59B4D4EE24B811D8F0249EC49378124FE2493C19E5A4247E86E44693DC7DDD3D44EB633EBF32059318BB294E434252C304F75D519E3169F097AABA7A9D7D687999ED56F4A27DE7B39DF6A1CFAC1DFF96B5635EB676D4F3D69EF38CB537BE60ED4BEFEEB4DD06AFB6B31E5F6EABBE594B4022B0E1493C8927F1249EC49378327A4C8D4B4852358BA1B3314BE3664C7A24F30BF2DDEC453A37A3EBACCC6213DDCA5C0DFE52AD7CF9395B587C9B5DB0E61B7BCF1BD68E2DAFB6A3CBAAED79CBABEDD94F54DBD3E755DBE207BEB5D72C950037BFDA0E1C7E8B5DBC72090189C08627F1249EC49378124FE2C968A155B6AAE2664852896E8A5F616AB705C94BD6872F30DEA6F674A3EBDC2E2629F9FFAAB8FE4776F39289F6AEFB97D89112BC463D63EDB94F56DBB3164A507BB8DA9E7CFFB7F6C4926AFBB3DBAD9D3C7DA5DDB2EC7ABBE6AADE0424021B9EC49378124FE2493C8927A34585A9BD87241D2FFCF3DC8446CDF726258FE8E33EB49D0F83D8C37D775E040DD4E02FD51B12D8B63E3BD98EB8A0D4FE66C50EFB5F0BAD3D635EB53DED41096AB3ABED2973AC1D5E6AEDC4C776D921673F64B7AD9C625F99D88B804460C39378124FE2493C8927F164742834B59752A573CF7651DC771734F703B522D6241F07533BC44F2529A9ADCDEB4BED6BD71E6C478D9A6A7F32B2CC9EBBBCDAFE2A46E73A751FFC84BDFCC2EB6CC5E4C3EDA68A590424021B9EC49378124FE2493C8927A3C39298C4609A0FDFBF3859DFAF9B5574E77CBE8F83D9DDCD96B424B0D5D6B755E576C78E727B4DC91F6DDF531EB2BD8A16D883862CB2070D5A687B0E9A670F1D36C79E73C372BBFD9FAB77FF5B8211810D4FE2493C8927F1249EC4939121CFFCBBC16195494FB1AA78FA98DAFD4B125E79A53BF3CB0330A85A53B95F480CB2A291E742F020B0E1498427F1249EC493084F26EAC911A676A775BF886DAE383CD10FD1A553130230F0534C789670D55C1435535F021B810D4F223C8927F1249E447832059E9C66D257716B4FCFF1CDDEF0AE59556100065E8FA12C64268ACD5CFB11D8086C7812E1493C8927F124C29349F4646CB3443F571C15C725510991AE66897B428F6163484D147B91FA11D8086C7812E1493C8927F124C29349F0E4A7317FDFDDC763ED6D6AF72C4908DD14D33240831F6613C566BA7DFD086CF51D53A6FC9CC08627F1249EC4A3FE7A104F9AA03E8447D68311F764EC7FE7FA78AC3971C792F189808D9AFCF8456DE8EF82FEF3A004FA30ABB2F2253C892703A55DBB5EF2FD01070FE2C9203F8C47DD8378D20425116BF6B1305392BEE46AADF19ACCB4F46B0A980740DEB634E0C92BF1249E0C9827CF0ACA4C091EC4937EDEBB494AF064039E0CD54C4950F694E49BF0EE29890F6886A48407C0807932CBC5023C89278314279F22292129E1DE4D5282271BF464A8F694E8669901011878ADBEB52A6426D2FE2FC31B9889E2E6CA0360503C39CCFD0C4FE2C9A078529B6F7D45524252C2BD9BA4044F36E8C95055DFD23E25E30230F05ADF785A484C54DFDB1592121E0083EAC9E5A233F1249E0C9027CF152D24292129E1DE4D5282271BF4E40C138C3E2537C61CC78C443F644473329A241294199BB466C0DC5C79000C0007893689B2F1249E0C105A55E65492129212EEDD242578B241CE34C1E8E8BE3EE6388A13FD903CD1763755EE1705EE1872086C945F35945F4D37778A7E8327F16480E860BCA55B6D0C25812909CCBD9B92C078B221744F76A53BE72AF75C9F6E62F7935436F718968846FA38A0BA746B96891E3439A20193DFEC2DFA52B41F9EC49301E23CD17C3C8927B977233CD92862F7954CF2E1FB4B63BEBFB4B91F36C84DBBF8511A586768BE70991E490922B0A5975F8B16E1493C19309E159D8C27F124F76E84271B45EC122EADC695CED2C03DDC0C4DCDF71F928C0FAD7027956E748664868926040F029BDFE8CB888178124F06888EA26DA2BDF0249EE4DE8DF064A368696AEFE998E8D32CCDE2647DE800E3D515EE9CC613D1EFFCD0F8DBEC85C086A21AD8FA8BDEC693783280B3778FE0493CC9BD1BE1C984674BAA923563B107C6C57D67EF64CF5ACC35E959C6A50D5E74D956A1892E040F029B9F3C2ABA104FE2C980F19CE8243C8927B977233CD96496C42409EF9AD416B11A616A2FDB1A9DAAE99F54F70B29703324E34CB4217810D8FCA2AB688B681F3C8927034427D156516B3C8927B977233CD9643ABB17FEB14D0C5351D9561392ED26899BDBEB43CB78E932AE54AD47EBEE1292A906081E0436BFB8C9D4BD978BEB8E27FDE422D11C3C8927B977233C99307D8DB72FAF661C74CF47328B498D8B9B21D1DE2829DD86A107BF210589C30097C1457D8684C04660F39356A2CF453DF1249E0C182F18AF7B319EC493DCBB119E4C9CE1E6DFBD4BAC9BD5286EE6676A95AD55A676AF9A942724B13326BA8B5EAB723577E38AAE699BE566480A0D10D8086C7E72BA68259EC49301A3664961369EC493DCBB119E6C3685A6F612AB9A24A25F133F477380D2B8D9919A255B692F5475B1F196736952D1D49DFC05A21BDDEC4889896E952D021B812D48BCE8DEA2E0493C19242E3175AF4BE6BAE349EEDD084F263EBBF1695C32A1AA590D75A67BB6AFD97792E3929062F7FC5E51C7FFABC9C9683F4F2AD71D9C9E58B9F136C20F77271B4B6797996987F6152E43D364261F5F10D8086C814083CFC7A21678124F0630591E8C27F124F76E842793FE0C3FB58E599344B4D824B9EC6F73E9EB1294A52ED38A9DCED91893B40C30A9D9F14F604304B6C4D1970457E3493C1930F4C5D597C6DBEF8427F124F76E842753136775D2605B1313914A378B7D084318625AB7CEAEAEAC7C89001250EDDCB9FAAF2EE90E0BED8D576EB5239EC49301E332D16C3C8927B977233C997274C2A0D04D20E80443FCF22E9D60D0D54E5AA1534BFFE6316411A067CFFD379595CD248804548F3FFEBBA7E432AD0D91E52E173D8827F1640059233A1E4FE249EEDD084F02F8C031C71CBA70CA94310491806AD8B0631E31A96F249A2EBE23FA4874249EC49301A39B68B3F19AF7E2493CC9BD1BE1498074939FFFBD23F2F3F7FDBAAAEA650249F0B4212B2BEB6DE3EDA10A03431AF3E6084FE2491FB84234134FE249EEDD084F02F848D7AE1DD74D9F3E9E40123015151D73AFF1D6548685A745E7E0493C194034591E8827F124F76E842701FCA547DBB67BEF282F2F25A004446565F73E6EBC8D5EBD43E2B1038DB73C26074FE2C98071806893A9BF44359EC493DCBB119E04482385FBEEDBE12B825B30825A5656D69FE59A1485C85FB78B6EC1937832804C14DD8D27F124F76E8427010214DCB2B35BFDE3B7BFBD780BEB54FD5987EAA67D37862CA8B5117D61BCCDC478124F068DD744FDF1249EE4DE8DF02440C0A6835BB4F8CEF2DCDC369B2FB8E097AF2D5B76D7C64CAA85BE73E7EA3AFF7EE3C6E576C386276B2908C15B6B996BE940ADD4E136C6AD08E1B4EF79A227F064E6D4D78F80276BF8A1E8735156943C99893D1F22E4C948C6493C09000DA15D33B5EBE62AE375D2B42825D2E64ABAC9564B0786B5524785A9A7FF039EC4933E73ADE8F778124F72EF4678120092CDF78D3785BAA7803282A14A0B478BDE375E8F92A8F263D1AE4678B204BBA49D379D4701000000924EBEE8CB061EFEDE35F5344983A433577409C3600689BE69C093DB9D6F217DF4107D1AF18419000000528CCE8454D5F300389AE1490B9D455B456D198ADD943490944C6078D2CE0DA2E90C03000000F8F110A86FAB17196F490DA496EB0D4B9262C935DE9BF9784FEE10756178D20E1D97010000202D68A3BE55710F80178AC61BAFE28E36393A9C614A09BA3CEE33433592788AEA484AB46A8B3696BC4CD48A214A0BEACB8F0D4BB7000000204DE83AFD9AB7D3DA2B23372661B958F489E819D1510C55523945F43CC35027A53109C95A97C0E9FE86A7441F8A8633442967B2F1AAE600000000A40D7D3BADFB4BEA5AB79F2DBA40F417D14AD3B4266A503F2F888A19863AC971C987262503E27E5668BC8A509AD01DC650A58CF7443F611800000020DD8C730F83F5A16FAB478A3E10FDC924A7AF4654D1A5319F192A9C3584EE655850CFCFB491DFF9C65B62F880A82BC39554FED3782F2100000000024B0BD119C6DB04BB463494216932F788AE6318F648CE1E7EBE8FE866E395B7D64A516D18B2A4A0637A0BC30000000099806E80D5E547AF8B5E15FDC2B029B63168F95F2D03DC89A1481A3F103D6CBCBD51E7E0C366A34BE70E651800000020D392931345AF88D68B4E33DEF21AA89B4B458F300C29E148D16A9724B3F729310E73490900000040C632C83D14EA26D9B38CB7D40B6A2770EF8B7ECA50A494538DB727E231517786A349DC6ABCE55B0000000019CF405199E823D128436F891A4E1055300C69A1B5E84AE395B9BE43D49E2169149ACCD1381500000042453FD132E335611BE31E14A3CC932E4983F4D1515422FABBE81212E406D112C0EF310C00000010568E700FE45A06574B0FEF15C1312830DE5BFBBDB0832FF4122D35DEF2B9610C479DFC4E7413C30000000061E710D142D146E32DADC98DD0B9DFEA1EFAC05F7E2E7A4BF447E3F5E3000FDDEFF4B14BDE0000000022813EF868052A5D5233C9786572C38CF6DBD82C3A804B1F08B400C368971CDF27EAC29098A35CB20600000010390E325E476E5DD63459D421A4E73952F434973B707CD7784D02BF74C9719497D64D175D8F2500000020CAEC2FBAD73D1CEA4362C7909DDF3AD1602E73602910CD137D223AD344AFF9A29EAFEEF7EA8115000000008CD94F7497688BF1CAB88661598D36F4FBC8D0653C13D0254C6B8CD708B45F84CE5BCFF50D2E3F000000406DBAB8A4648B4B52F6CBE07399231ACF25CD1834793C5DF457E3156588C23EA019A26BB9F40000000075A3CBB86AD6FCDF9B810F887AFC5B0D8DFB32112D4E70B5F1F63B4D33E12DC69025FADCD0F91E000000608FE806F8C9EE01F101E36D90CF04AE11CDE2F265349D5C42BC497491A865C8CEAFBFE8352E3300000040E3D1B7D55A25494B096B49E120F754D0B2B3BA719A5E18E1E03F44CF8ADE110D09D179FD4174159717000000A0E968D3C52B8CD7676291F19A32068D5F885671A942C71097983CEB12954C4613679D01DA9FCB0A0000009038DA57E252E395335D223A2240C7A61DC347708942892EE1BAC83DD0EBD2AE4E197A1E3F335EA531000000004802AD45638C573169B9F1BF9C6B4FE36D1E6EC5A50935BA9C5037C1EB5E27DD3F949361C73F533481CB08000000905C34091865BCBE2065A2813E1D879631BE89CB1119B42ADC0297146B39E14CE849A3B33D9B45DDB87C00000000A941D7CA9F257A57B45A34288DDFBD8FF1FAAB74E532440E9DA1D3E550DA80F1A7013FD61344E55C3200000080D4A33D184E13BD295A2B3AD1A4FE2DB6EE357894A18F2CEAAF338D57796DBEA820A0C7799FE8322E17000000407A1F14B51AD6ABA2D745C5294C4EB432D3B10C79E4D1220C5ABE5A1B7F6A03D0EF06E8D85AB9E3CAE73201000000F8C350E32DAF795B7486F1967A250BDDC3F226430C317431DEAC8496AF1E9D64BF25CA60D18B5C1A00000000FF395EF427D107A29126399DBA1F13FD9AA1853AD0269A5A26FA2DD1CF7D3E96074463B92400000000C1A1BF68A56883E8025176829FB39FF196C4ECCD9042030C13BD275A2AEAE5C3F7ABBFB51043172E0500000040F0384AF4B4F13628EB5BE4A6F69CB8597427C3088D4067E52E11FD5D5422EA98E6A4E8792E0100000040B0395CB4D878CD0F2F378D9BF9D0E68DDADDFB870C1F3481F6A23B8CD77CF12AE7A35433477421430F0000009019FCD878255D35D9B8DA78FD47EA434BC02E63C82041BA1B6F3FD25F44A7A6F07B74F66FABA813430E0000009059F430DEDB65ED7E7D83A85D1DFF46AB790D63A8A099E8FE262D5BAD0D3F8F4CC1E70F37DE667B00000000C850F46DB69676D5CDECBA7F24CFFD7D1FE36D92CF6288200968FF9C73449F8A1E11FD20899F3DD7501D0E00000020147433DEE664AD60344D344F7425C30249A68DF166E66A92E07D9AF979DACC715B4C320D0000000021E0FBA2BB44DFB83F03A482AEC6EB2BA28517CE3789CFC89D2C7A96E1040000000827ED190248038719AF94EF9BC66BFCD9541E158D62180100000000A0B9E866F50F444F897A36F2FFD1B2D65F893A307C0000000000900C5A89C619AF229C2E21DCD33E91D344CF306C0000000000906C74E6E3BF5D723241945DCFBF5B241AC970010000000040AA3848F484E8CFC6DBD01E4BAEF1966EB56398000000000020D50C1455885619AF7F8E7286680943030000000000E9424B06FF4AF437D11CE395013E8B6101000000008074A315B7B4E9A2F6D1E9C4700000000000805FB0970400000000000000000000000000000000000000000000000000000000000000000000000000000000000000000000000000000000EAE47F010410082D4AAD19A70000000049454E44AE426082);
/*!40000 ALTER TABLE `act_ge_bytearray` ENABLE KEYS */;


--
-- Definition of table `act_ge_property`
--

DROP TABLE IF EXISTS `act_ge_property`;
CREATE TABLE `act_ge_property` (
  `NAME_` varchar(64) COLLATE utf8_bin NOT NULL DEFAULT '',
  `VALUE_` varchar(300) COLLATE utf8_bin DEFAULT NULL,
  `REV_` int(11) DEFAULT NULL,
  PRIMARY KEY (`NAME_`)
) ENGINE=InnoDB DEFAULT CHARSET=utf8 COLLATE=utf8_bin;

--
-- Dumping data for table `act_ge_property`
--

/*!40000 ALTER TABLE `act_ge_property` DISABLE KEYS */;
INSERT INTO `act_ge_property` (`NAME_`,`VALUE_`,`REV_`) VALUES 
 (0x686973746F72794C6576656C,0x32,1),
 (0x6E6578742E64626964,0x363031,7),
 (0x736368656D612E686973746F7279,0x63726561746528352E3829,1),
 (0x736368656D612E76657273696F6E,0x352E38,1);
/*!40000 ALTER TABLE `act_ge_property` ENABLE KEYS */;


--
-- Definition of table `act_hi_actinst`
--

DROP TABLE IF EXISTS `act_hi_actinst`;
CREATE TABLE `act_hi_actinst` (
  `ID_` varchar(64) COLLATE utf8_bin NOT NULL,
  `PROC_DEF_ID_` varchar(64) COLLATE utf8_bin NOT NULL,
  `PROC_INST_ID_` varchar(64) COLLATE utf8_bin NOT NULL,
  `EXECUTION_ID_` varchar(64) COLLATE utf8_bin NOT NULL,
  `ACT_ID_` varchar(255) COLLATE utf8_bin NOT NULL,
  `ACT_NAME_` varchar(255) COLLATE utf8_bin DEFAULT NULL,
  `ACT_TYPE_` varchar(255) COLLATE utf8_bin NOT NULL,
  `ASSIGNEE_` varchar(64) COLLATE utf8_bin DEFAULT NULL,
  `START_TIME_` datetime NOT NULL,
  `END_TIME_` datetime DEFAULT NULL,
  `DURATION_` bigint(20) DEFAULT NULL,
  PRIMARY KEY (`ID_`),
  KEY `ACT_IDX_HI_ACT_INST_START` (`START_TIME_`),
  KEY `ACT_IDX_HI_ACT_INST_END` (`END_TIME_`)
) ENGINE=InnoDB DEFAULT CHARSET=utf8 COLLATE=utf8_bin;

--
-- Dumping data for table `act_hi_actinst`
--

/*!40000 ALTER TABLE `act_hi_actinst` DISABLE KEYS */;
INSERT INTO `act_hi_actinst` (`ID_`,`PROC_DEF_ID_`,`PROC_INST_ID_`,`EXECUTION_ID_`,`ACT_ID_`,`ACT_NAME_`,`ACT_TYPE_`,`ASSIGNEE_`,`START_TIME_`,`END_TIME_`,`DURATION_`) VALUES 
 (0x323035,0x6F7264657250726F636573733A313A313034,0x323034,0x323034,0x726563656976654F72646572,0x52656365697665204F72646572,0x6D616E75616C5461736B,NULL,'2012-02-01 10:33:16','2012-02-01 10:33:16',0),
 (0x323037,0x6F7264657250726F636573733A313A313034,0x323034,0x323036,0x63616C6C436865636B43726564697450726F63657373,0x436865636B20637265646974,0x63616C6C4163746976697479,NULL,'2012-02-01 10:33:16',NULL,NULL),
 (0x323039,0x636865636B43726564697450726F636573733A313A323033,0x323038,0x323038,0x766572696679437265646974486973746F72795461736B,0x5665726966792063726564697420686973746F7279,0x757365725461736B,NULL,'2012-02-01 10:33:16',NULL,NULL),
 (0x333036,0x6F7264657250726F636573733A313A313034,0x333035,0x333035,0x726563656976654F72646572,0x52656365697665204F72646572,0x6D616E75616C5461736B,NULL,'2012-02-01 11:54:08','2012-02-01 11:54:08',0),
 (0x333038,0x6F7264657250726F636573733A313A313034,0x333035,0x333037,0x63616C6C436865636B43726564697450726F63657373,0x436865636B20637265646974,0x63616C6C4163746976697479,NULL,'2012-02-01 11:54:08',NULL,NULL),
 (0x333130,0x636865636B43726564697450726F636573733A313A323033,0x333039,0x333039,0x766572696679437265646974486973746F72795461736B,0x5665726966792063726564697420686973746F7279,0x757365725461736B,NULL,'2012-02-01 11:54:08',NULL,NULL),
 (0x333133,0x6F7264657250726F636573733A313A313034,0x333132,0x333132,0x726563656976654F72646572,0x52656365697665204F72646572,0x6D616E75616C5461736B,NULL,'2012-02-01 11:54:57','2012-02-01 11:54:57',0),
 (0x333135,0x6F7264657250726F636573733A313A313034,0x333132,0x333134,0x63616C6C436865636B43726564697450726F63657373,0x436865636B20637265646974,0x63616C6C4163746976697479,NULL,'2012-02-01 11:54:57',NULL,NULL),
 (0x333137,0x636865636B43726564697450726F636573733A313A323033,0x333136,0x333136,0x766572696679437265646974486973746F72795461736B,0x5665726966792063726564697420686973746F7279,0x757365725461736B,NULL,'2012-02-01 11:54:57',NULL,NULL),
 (0x343032,0x46696E616E6369616C5265706F727450726F636573733A313A333034,0x343031,0x343031,0x757365727461736B31,0x5772697465206D6F6E74686C792066696E616E6369616C207265706F7274,0x757365725461736B,NULL,'2012-02-01 11:56:35',NULL,NULL);
/*!40000 ALTER TABLE `act_hi_actinst` ENABLE KEYS */;


--
-- Definition of table `act_hi_attachment`
--

DROP TABLE IF EXISTS `act_hi_attachment`;
CREATE TABLE `act_hi_attachment` (
  `ID_` varchar(64) COLLATE utf8_bin NOT NULL,
  `REV_` int(11) DEFAULT NULL,
  `USER_ID_` varchar(255) COLLATE utf8_bin DEFAULT NULL,
  `NAME_` varchar(255) COLLATE utf8_bin DEFAULT NULL,
  `DESCRIPTION_` varchar(4000) COLLATE utf8_bin DEFAULT NULL,
  `TYPE_` varchar(255) COLLATE utf8_bin DEFAULT NULL,
  `TASK_ID_` varchar(64) COLLATE utf8_bin DEFAULT NULL,
  `PROC_INST_ID_` varchar(64) COLLATE utf8_bin DEFAULT NULL,
  `URL_` varchar(4000) COLLATE utf8_bin DEFAULT NULL,
  `CONTENT_ID_` varchar(64) COLLATE utf8_bin DEFAULT NULL,
  PRIMARY KEY (`ID_`)
) ENGINE=InnoDB DEFAULT CHARSET=utf8 COLLATE=utf8_bin;

--
-- Dumping data for table `act_hi_attachment`
--

/*!40000 ALTER TABLE `act_hi_attachment` DISABLE KEYS */;
/*!40000 ALTER TABLE `act_hi_attachment` ENABLE KEYS */;


--
-- Definition of table `act_hi_comment`
--

DROP TABLE IF EXISTS `act_hi_comment`;
CREATE TABLE `act_hi_comment` (
  `ID_` varchar(64) COLLATE utf8_bin NOT NULL,
  `TYPE_` varchar(255) COLLATE utf8_bin DEFAULT NULL,
  `TIME_` datetime NOT NULL,
  `USER_ID_` varchar(255) COLLATE utf8_bin DEFAULT NULL,
  `TASK_ID_` varchar(64) COLLATE utf8_bin DEFAULT NULL,
  `PROC_INST_ID_` varchar(64) COLLATE utf8_bin DEFAULT NULL,
  `ACTION_` varchar(255) COLLATE utf8_bin DEFAULT NULL,
  `MESSAGE_` varchar(4000) COLLATE utf8_bin DEFAULT NULL,
  `FULL_MSG_` longblob,
  PRIMARY KEY (`ID_`)
) ENGINE=InnoDB DEFAULT CHARSET=utf8 COLLATE=utf8_bin;

--
-- Dumping data for table `act_hi_comment`
--

/*!40000 ALTER TABLE `act_hi_comment` DISABLE KEYS */;
/*!40000 ALTER TABLE `act_hi_comment` ENABLE KEYS */;


--
-- Definition of table `act_hi_detail`
--

DROP TABLE IF EXISTS `act_hi_detail`;
CREATE TABLE `act_hi_detail` (
  `ID_` varchar(64) COLLATE utf8_bin NOT NULL,
  `TYPE_` varchar(255) COLLATE utf8_bin NOT NULL,
  `PROC_INST_ID_` varchar(64) COLLATE utf8_bin NOT NULL,
  `EXECUTION_ID_` varchar(64) COLLATE utf8_bin NOT NULL,
  `TASK_ID_` varchar(64) COLLATE utf8_bin DEFAULT NULL,
  `ACT_INST_ID_` varchar(64) COLLATE utf8_bin DEFAULT NULL,
  `NAME_` varchar(255) COLLATE utf8_bin NOT NULL,
  `VAR_TYPE_` varchar(255) COLLATE utf8_bin DEFAULT NULL,
  `REV_` int(11) DEFAULT NULL,
  `TIME_` datetime NOT NULL,
  `BYTEARRAY_ID_` varchar(64) COLLATE utf8_bin DEFAULT NULL,
  `DOUBLE_` double DEFAULT NULL,
  `LONG_` bigint(20) DEFAULT NULL,
  `TEXT_` varchar(4000) COLLATE utf8_bin DEFAULT NULL,
  `TEXT2_` varchar(4000) COLLATE utf8_bin DEFAULT NULL,
  PRIMARY KEY (`ID_`),
  KEY `ACT_IDX_HI_DETAIL_PROC_INST` (`PROC_INST_ID_`),
  KEY `ACT_IDX_HI_DETAIL_ACT_INST` (`ACT_INST_ID_`),
  KEY `ACT_IDX_HI_DETAIL_TIME` (`TIME_`),
  KEY `ACT_IDX_HI_DETAIL_NAME` (`NAME_`)
) ENGINE=InnoDB DEFAULT CHARSET=utf8 COLLATE=utf8_bin;

--
-- Dumping data for table `act_hi_detail`
--

/*!40000 ALTER TABLE `act_hi_detail` DISABLE KEYS */;
/*!40000 ALTER TABLE `act_hi_detail` ENABLE KEYS */;


--
-- Definition of table `act_hi_procinst`
--

DROP TABLE IF EXISTS `act_hi_procinst`;
CREATE TABLE `act_hi_procinst` (
  `ID_` varchar(64) COLLATE utf8_bin NOT NULL,
  `PROC_INST_ID_` varchar(64) COLLATE utf8_bin NOT NULL,
  `BUSINESS_KEY_` varchar(255) COLLATE utf8_bin DEFAULT NULL,
  `PROC_DEF_ID_` varchar(64) COLLATE utf8_bin NOT NULL,
  `START_TIME_` datetime NOT NULL,
  `END_TIME_` datetime DEFAULT NULL,
  `DURATION_` bigint(20) DEFAULT NULL,
  `START_USER_ID_` varchar(255) COLLATE utf8_bin DEFAULT NULL,
  `START_ACT_ID_` varchar(255) COLLATE utf8_bin DEFAULT NULL,
  `END_ACT_ID_` varchar(255) COLLATE utf8_bin DEFAULT NULL,
  `SUPER_PROCESS_INSTANCE_ID_` varchar(64) COLLATE utf8_bin DEFAULT NULL,
  PRIMARY KEY (`ID_`),
  UNIQUE KEY `PROC_INST_ID_` (`PROC_INST_ID_`),
  UNIQUE KEY `ACT_UNIQ_HI_BUS_KEY` (`PROC_DEF_ID_`,`BUSINESS_KEY_`),
  KEY `ACT_IDX_HI_PRO_INST_END` (`END_TIME_`),
  KEY `ACT_IDX_HI_PRO_I_BUSKEY` (`BUSINESS_KEY_`)
) ENGINE=InnoDB DEFAULT CHARSET=utf8 COLLATE=utf8_bin;

--
-- Dumping data for table `act_hi_procinst`
--

/*!40000 ALTER TABLE `act_hi_procinst` DISABLE KEYS */;
INSERT INTO `act_hi_procinst` (`ID_`,`PROC_INST_ID_`,`BUSINESS_KEY_`,`PROC_DEF_ID_`,`START_TIME_`,`END_TIME_`,`DURATION_`,`START_USER_ID_`,`START_ACT_ID_`,`END_ACT_ID_`,`SUPER_PROCESS_INSTANCE_ID_`) VALUES 
 (0x323034,0x323034,NULL,0x6F7264657250726F636573733A313A313034,'2012-02-01 10:33:16',NULL,NULL,NULL,0x7468655374617274,NULL,NULL),
 (0x323038,0x323038,NULL,0x636865636B43726564697450726F636573733A313A323033,'2012-02-01 10:33:16',NULL,NULL,NULL,NULL,NULL,0x323034),
 (0x333035,0x333035,NULL,0x6F7264657250726F636573733A313A313034,'2012-02-01 11:54:08',NULL,NULL,NULL,0x7468655374617274,NULL,NULL),
 (0x333039,0x333039,NULL,0x636865636B43726564697450726F636573733A313A323033,'2012-02-01 11:54:08',NULL,NULL,NULL,NULL,NULL,0x333035),
 (0x333132,0x333132,NULL,0x6F7264657250726F636573733A313A313034,'2012-02-01 11:54:57',NULL,NULL,NULL,0x7468655374617274,NULL,NULL),
 (0x333136,0x333136,NULL,0x636865636B43726564697450726F636573733A313A323033,'2012-02-01 11:54:57',NULL,NULL,NULL,NULL,NULL,0x333132),
 (0x343031,0x343031,NULL,0x46696E616E6369616C5265706F727450726F636573733A313A333034,'2012-02-01 11:56:35',NULL,NULL,NULL,0x73746172746576656E7431,NULL,NULL);
/*!40000 ALTER TABLE `act_hi_procinst` ENABLE KEYS */;


--
-- Definition of table `act_hi_taskinst`
--

DROP TABLE IF EXISTS `act_hi_taskinst`;
CREATE TABLE `act_hi_taskinst` (
  `ID_` varchar(64) COLLATE utf8_bin NOT NULL,
  `PROC_DEF_ID_` varchar(64) COLLATE utf8_bin DEFAULT NULL,
  `TASK_DEF_KEY_` varchar(255) COLLATE utf8_bin DEFAULT NULL,
  `PROC_INST_ID_` varchar(64) COLLATE utf8_bin DEFAULT NULL,
  `EXECUTION_ID_` varchar(64) COLLATE utf8_bin DEFAULT NULL,
  `NAME_` varchar(255) COLLATE utf8_bin DEFAULT NULL,
  `PARENT_TASK_ID_` varchar(64) COLLATE utf8_bin DEFAULT NULL,
  `DESCRIPTION_` varchar(4000) COLLATE utf8_bin DEFAULT NULL,
  `OWNER_` varchar(64) COLLATE utf8_bin DEFAULT NULL,
  `ASSIGNEE_` varchar(64) COLLATE utf8_bin DEFAULT NULL,
  `START_TIME_` datetime NOT NULL,
  `END_TIME_` datetime DEFAULT NULL,
  `DURATION_` bigint(20) DEFAULT NULL,
  `DELETE_REASON_` varchar(4000) COLLATE utf8_bin DEFAULT NULL,
  `PRIORITY_` int(11) DEFAULT NULL,
  `DUE_DATE_` datetime DEFAULT NULL,
  PRIMARY KEY (`ID_`)
) ENGINE=InnoDB DEFAULT CHARSET=utf8 COLLATE=utf8_bin;

--
-- Dumping data for table `act_hi_taskinst`
--

/*!40000 ALTER TABLE `act_hi_taskinst` DISABLE KEYS */;
INSERT INTO `act_hi_taskinst` (`ID_`,`PROC_DEF_ID_`,`TASK_DEF_KEY_`,`PROC_INST_ID_`,`EXECUTION_ID_`,`NAME_`,`PARENT_TASK_ID_`,`DESCRIPTION_`,`OWNER_`,`ASSIGNEE_`,`START_TIME_`,`END_TIME_`,`DURATION_`,`DELETE_REASON_`,`PRIORITY_`,`DUE_DATE_`) VALUES 
 (0x323130,0x636865636B43726564697450726F636573733A313A323033,0x766572696679437265646974486973746F72795461736B,0x323038,0x323038,0x5665726966792063726564697420686973746F7279,NULL,NULL,NULL,NULL,'2012-02-01 10:33:16',NULL,NULL,NULL,50,NULL),
 (0x333131,0x636865636B43726564697450726F636573733A313A323033,0x766572696679437265646974486973746F72795461736B,0x333039,0x333039,0x5665726966792063726564697420686973746F7279,NULL,NULL,NULL,NULL,'2012-02-01 11:54:08',NULL,NULL,NULL,50,NULL),
 (0x333138,0x636865636B43726564697450726F636573733A313A323033,0x766572696679437265646974486973746F72795461736B,0x333136,0x333136,0x5665726966792063726564697420686973746F7279,NULL,NULL,NULL,NULL,'2012-02-01 11:54:57',NULL,NULL,NULL,50,NULL),
 (0x343033,0x46696E616E6369616C5265706F727450726F636573733A313A333034,0x757365727461736B31,0x343031,0x343031,0x5772697465206D6F6E74686C792066696E616E6369616C207265706F7274,NULL,NULL,NULL,NULL,'2012-02-01 11:56:35',NULL,NULL,NULL,50,NULL);
/*!40000 ALTER TABLE `act_hi_taskinst` ENABLE KEYS */;


--
-- Definition of table `act_id_group`
--

DROP TABLE IF EXISTS `act_id_group`;
CREATE TABLE `act_id_group` (
  `ID_` varchar(64) COLLATE utf8_bin NOT NULL DEFAULT '',
  `REV_` int(11) DEFAULT NULL,
  `NAME_` varchar(255) COLLATE utf8_bin DEFAULT NULL,
  `TYPE_` varchar(255) COLLATE utf8_bin DEFAULT NULL,
  PRIMARY KEY (`ID_`)
) ENGINE=InnoDB DEFAULT CHARSET=utf8 COLLATE=utf8_bin;

--
-- Dumping data for table `act_id_group`
--

/*!40000 ALTER TABLE `act_id_group` DISABLE KEYS */;
/*!40000 ALTER TABLE `act_id_group` ENABLE KEYS */;


--
-- Definition of table `act_id_info`
--

DROP TABLE IF EXISTS `act_id_info`;
CREATE TABLE `act_id_info` (
  `ID_` varchar(64) COLLATE utf8_bin NOT NULL DEFAULT '',
  `REV_` int(11) DEFAULT NULL,
  `USER_ID_` varchar(64) COLLATE utf8_bin DEFAULT NULL,
  `TYPE_` varchar(64) COLLATE utf8_bin DEFAULT NULL,
  `KEY_` varchar(255) COLLATE utf8_bin DEFAULT NULL,
  `VALUE_` varchar(255) COLLATE utf8_bin DEFAULT NULL,
  `PASSWORD_` longblob,
  `PARENT_ID_` varchar(255) COLLATE utf8_bin DEFAULT NULL,
  PRIMARY KEY (`ID_`)
) ENGINE=InnoDB DEFAULT CHARSET=utf8 COLLATE=utf8_bin;

--
-- Dumping data for table `act_id_info`
--

/*!40000 ALTER TABLE `act_id_info` DISABLE KEYS */;
/*!40000 ALTER TABLE `act_id_info` ENABLE KEYS */;


--
-- Definition of table `act_id_membership`
--

DROP TABLE IF EXISTS `act_id_membership`;
CREATE TABLE `act_id_membership` (
  `USER_ID_` varchar(64) COLLATE utf8_bin NOT NULL DEFAULT '',
  `GROUP_ID_` varchar(64) COLLATE utf8_bin NOT NULL DEFAULT '',
  PRIMARY KEY (`USER_ID_`,`GROUP_ID_`),
  KEY `ACT_FK_MEMB_GROUP` (`GROUP_ID_`),
  CONSTRAINT `ACT_FK_MEMB_GROUP` FOREIGN KEY (`GROUP_ID_`) REFERENCES `act_id_group` (`ID_`),
  CONSTRAINT `ACT_FK_MEMB_USER` FOREIGN KEY (`USER_ID_`) REFERENCES `act_id_user` (`ID_`)
) ENGINE=InnoDB DEFAULT CHARSET=utf8 COLLATE=utf8_bin;

--
-- Dumping data for table `act_id_membership`
--

/*!40000 ALTER TABLE `act_id_membership` DISABLE KEYS */;
/*!40000 ALTER TABLE `act_id_membership` ENABLE KEYS */;


--
-- Definition of table `act_id_user`
--

DROP TABLE IF EXISTS `act_id_user`;
CREATE TABLE `act_id_user` (
  `ID_` varchar(64) COLLATE utf8_bin NOT NULL DEFAULT '',
  `REV_` int(11) DEFAULT NULL,
  `FIRST_` varchar(255) COLLATE utf8_bin DEFAULT NULL,
  `LAST_` varchar(255) COLLATE utf8_bin DEFAULT NULL,
  `EMAIL_` varchar(255) COLLATE utf8_bin DEFAULT NULL,
  `PWD_` varchar(255) COLLATE utf8_bin DEFAULT NULL,
  `PICTURE_ID_` varchar(64) COLLATE utf8_bin DEFAULT NULL,
  PRIMARY KEY (`ID_`)
) ENGINE=InnoDB DEFAULT CHARSET=utf8 COLLATE=utf8_bin;

--
-- Dumping data for table `act_id_user`
--

/*!40000 ALTER TABLE `act_id_user` DISABLE KEYS */;
/*!40000 ALTER TABLE `act_id_user` ENABLE KEYS */;


--
-- Definition of table `act_re_deployment`
--

DROP TABLE IF EXISTS `act_re_deployment`;
CREATE TABLE `act_re_deployment` (
  `ID_` varchar(64) COLLATE utf8_bin NOT NULL DEFAULT '',
  `NAME_` varchar(255) COLLATE utf8_bin DEFAULT NULL,
  `DEPLOY_TIME_` timestamp NOT NULL DEFAULT CURRENT_TIMESTAMP ON UPDATE CURRENT_TIMESTAMP,
  PRIMARY KEY (`ID_`)
) ENGINE=InnoDB DEFAULT CHARSET=utf8 COLLATE=utf8_bin;

--
-- Dumping data for table `act_re_deployment`
--

/*!40000 ALTER TABLE `act_re_deployment` DISABLE KEYS */;
INSERT INTO `act_re_deployment` (`ID_`,`NAME_`,`DEPLOY_TIME_`) VALUES 
 (0x313031,NULL,'2012-02-01 10:14:54'),
 (0x323031,NULL,'2012-02-01 10:32:50'),
 (0x333031,NULL,'2012-02-01 11:53:13'),
 (0x353031,NULL,'2012-02-20 16:36:46');
/*!40000 ALTER TABLE `act_re_deployment` ENABLE KEYS */;


--
-- Definition of table `act_re_procdef`
--

DROP TABLE IF EXISTS `act_re_procdef`;
CREATE TABLE `act_re_procdef` (
  `ID_` varchar(64) COLLATE utf8_bin NOT NULL DEFAULT '',
  `CATEGORY_` varchar(255) COLLATE utf8_bin DEFAULT NULL,
  `NAME_` varchar(255) COLLATE utf8_bin DEFAULT NULL,
  `KEY_` varchar(255) COLLATE utf8_bin DEFAULT NULL,
  `VERSION_` int(11) DEFAULT NULL,
  `DEPLOYMENT_ID_` varchar(64) COLLATE utf8_bin DEFAULT NULL,
  `RESOURCE_NAME_` varchar(4000) COLLATE utf8_bin DEFAULT NULL,
  `DGRM_RESOURCE_NAME_` varchar(4000) COLLATE utf8_bin DEFAULT NULL,
  `HAS_START_FORM_KEY_` tinyint(4) DEFAULT NULL,
  PRIMARY KEY (`ID_`)
) ENGINE=InnoDB DEFAULT CHARSET=utf8 COLLATE=utf8_bin;

--
-- Dumping data for table `act_re_procdef`
--

/*!40000 ALTER TABLE `act_re_procdef` DISABLE KEYS */;
INSERT INTO `act_re_procdef` (`ID_`,`CATEGORY_`,`NAME_`,`KEY_`,`VERSION_`,`DEPLOYMENT_ID_`,`RESOURCE_NAME_`,`DGRM_RESOURCE_NAME_`,`HAS_START_FORM_KEY_`) VALUES 
 (0x46696E616E6369616C5265706F727450726F636573733A313A333034,0x687474703A2F2F61637469766974692E6F72672F62706D6E3230,0x4D6F6E74686C792066696E616E6369616C207265706F72742070726F63657373,0x46696E616E6369616C5265706F727450726F63657373,1,0x333031,0x636F6D2F62706C6F772F746F646F2F776F726B666C6F772F7574696C2F46696E616E6369616C5265706F727450726F636573732E62706D6E32302E786D6C,0x636F6D2F62706C6F772F746F646F2F776F726B666C6F772F7574696C2F46696E616E6369616C5265706F727450726F636573732E46696E616E6369616C5265706F727450726F636573732E706E67,0),
 (0x636865636B43726564697450726F636573733A313A323033,0x4578616D706C6573,NULL,0x636865636B43726564697450726F63657373,1,0x323031,0x636F6D2F62706C6F772F746F646F2F776F726B666C6F772F7574696C2F636865636B43726564697450726F636573732E62706D6E32302E786D6C,NULL,0),
 (0x6D79686F6C6964617950726F636573733A313A353034,0x687474703A2F2F61637469766974692E6F72672F62706D6E3230,0x3F3F3F3F,0x6D79686F6C6964617950726F63657373,1,0x353031,0x636F6D2F62706C6F772F746F646F2F776F726B666C6F772F7574696C2F6D79686F6C6964617950726F636573732E62706D6E32302E786D6C,0x636F6D2F62706C6F772F746F646F2F776F726B666C6F772F7574696C2F6D79686F6C6964617950726F636573732E6D79686F6C6964617950726F636573732E706E67,0),
 (0x6F7264657250726F636573733A313A313034,0x4578616D706C6573,0x4F726465722070726F6365737320776974682063616C6C206163746976697479,0x6F7264657250726F63657373,1,0x313031,0x636F6D2F62706C6F772F746F646F2F776F726B666C6F772F7574696C2F6F7264657250726F636573732E62706D6E32302E786D6C,0x636F6D2F62706C6F772F746F646F2F776F726B666C6F772F7574696C2F6F7264657250726F636573732E6F7264657250726F636573732E706E67,0);
/*!40000 ALTER TABLE `act_re_procdef` ENABLE KEYS */;


--
-- Definition of table `act_ru_execution`
--

DROP TABLE IF EXISTS `act_ru_execution`;
CREATE TABLE `act_ru_execution` (
  `ID_` varchar(64) COLLATE utf8_bin NOT NULL DEFAULT '',
  `REV_` int(11) DEFAULT NULL,
  `PROC_INST_ID_` varchar(64) COLLATE utf8_bin DEFAULT NULL,
  `BUSINESS_KEY_` varchar(255) COLLATE utf8_bin DEFAULT NULL,
  `PARENT_ID_` varchar(64) COLLATE utf8_bin DEFAULT NULL,
  `PROC_DEF_ID_` varchar(64) COLLATE utf8_bin DEFAULT NULL,
  `SUPER_EXEC_` varchar(64) COLLATE utf8_bin DEFAULT NULL,
  `ACT_ID_` varchar(255) COLLATE utf8_bin DEFAULT NULL,
  `IS_ACTIVE_` tinyint(4) DEFAULT NULL,
  `IS_CONCURRENT_` tinyint(4) DEFAULT NULL,
  `IS_SCOPE_` tinyint(4) DEFAULT NULL,
  PRIMARY KEY (`ID_`),
  UNIQUE KEY `ACT_UNIQ_RU_BUS_KEY` (`PROC_DEF_ID_`,`BUSINESS_KEY_`),
  KEY `ACT_IDX_EXEC_BUSKEY` (`BUSINESS_KEY_`),
  KEY `ACT_FK_EXE_PROCINST` (`PROC_INST_ID_`),
  KEY `ACT_FK_EXE_PARENT` (`PARENT_ID_`),
  KEY `ACT_FK_EXE_SUPER` (`SUPER_EXEC_`),
  CONSTRAINT `ACT_FK_EXE_PARENT` FOREIGN KEY (`PARENT_ID_`) REFERENCES `act_ru_execution` (`ID_`),
  CONSTRAINT `ACT_FK_EXE_PROCINST` FOREIGN KEY (`PROC_INST_ID_`) REFERENCES `act_ru_execution` (`ID_`) ON DELETE CASCADE ON UPDATE CASCADE,
  CONSTRAINT `ACT_FK_EXE_SUPER` FOREIGN KEY (`SUPER_EXEC_`) REFERENCES `act_ru_execution` (`ID_`)
) ENGINE=InnoDB DEFAULT CHARSET=utf8 COLLATE=utf8_bin;

--
-- Dumping data for table `act_ru_execution`
--

/*!40000 ALTER TABLE `act_ru_execution` DISABLE KEYS */;
INSERT INTO `act_ru_execution` (`ID_`,`REV_`,`PROC_INST_ID_`,`BUSINESS_KEY_`,`PARENT_ID_`,`PROC_DEF_ID_`,`SUPER_EXEC_`,`ACT_ID_`,`IS_ACTIVE_`,`IS_CONCURRENT_`,`IS_SCOPE_`) VALUES 
 (0x323034,1,0x323034,NULL,NULL,0x6F7264657250726F636573733A313A313034,NULL,NULL,0,0,1),
 (0x323036,1,0x323034,NULL,0x323034,0x6F7264657250726F636573733A313A313034,NULL,0x63616C6C436865636B43726564697450726F63657373,1,0,1),
 (0x323038,1,0x323038,NULL,NULL,0x636865636B43726564697450726F636573733A313A323033,0x323036,0x766572696679437265646974486973746F72795461736B,1,0,1),
 (0x333035,1,0x333035,NULL,NULL,0x6F7264657250726F636573733A313A313034,NULL,NULL,0,0,1),
 (0x333037,1,0x333035,NULL,0x333035,0x6F7264657250726F636573733A313A313034,NULL,0x63616C6C436865636B43726564697450726F63657373,1,0,1),
 (0x333039,1,0x333039,NULL,NULL,0x636865636B43726564697450726F636573733A313A323033,0x333037,0x766572696679437265646974486973746F72795461736B,1,0,1),
 (0x333132,1,0x333132,NULL,NULL,0x6F7264657250726F636573733A313A313034,NULL,NULL,0,0,1),
 (0x333134,1,0x333132,NULL,0x333132,0x6F7264657250726F636573733A313A313034,NULL,0x63616C6C436865636B43726564697450726F63657373,1,0,1),
 (0x333136,1,0x333136,NULL,NULL,0x636865636B43726564697450726F636573733A313A323033,0x333134,0x766572696679437265646974486973746F72795461736B,1,0,1),
 (0x343031,1,0x343031,NULL,NULL,0x46696E616E6369616C5265706F727450726F636573733A313A333034,NULL,0x757365727461736B31,1,0,1);
/*!40000 ALTER TABLE `act_ru_execution` ENABLE KEYS */;


--
-- Definition of table `act_ru_identitylink`
--

DROP TABLE IF EXISTS `act_ru_identitylink`;
CREATE TABLE `act_ru_identitylink` (
  `ID_` varchar(64) COLLATE utf8_bin NOT NULL DEFAULT '',
  `REV_` int(11) DEFAULT NULL,
  `GROUP_ID_` varchar(64) COLLATE utf8_bin DEFAULT NULL,
  `TYPE_` varchar(255) COLLATE utf8_bin DEFAULT NULL,
  `USER_ID_` varchar(64) COLLATE utf8_bin DEFAULT NULL,
  `TASK_ID_` varchar(64) COLLATE utf8_bin DEFAULT NULL,
  PRIMARY KEY (`ID_`),
  KEY `ACT_IDX_IDENT_LNK_USER` (`USER_ID_`),
  KEY `ACT_IDX_IDENT_LNK_GROUP` (`GROUP_ID_`),
  KEY `ACT_FK_TSKASS_TASK` (`TASK_ID_`),
  CONSTRAINT `ACT_FK_TSKASS_TASK` FOREIGN KEY (`TASK_ID_`) REFERENCES `act_ru_task` (`ID_`)
) ENGINE=InnoDB DEFAULT CHARSET=utf8 COLLATE=utf8_bin;

--
-- Dumping data for table `act_ru_identitylink`
--

/*!40000 ALTER TABLE `act_ru_identitylink` DISABLE KEYS */;
INSERT INTO `act_ru_identitylink` (`ID_`,`REV_`,`GROUP_ID_`,`TYPE_`,`USER_ID_`,`TASK_ID_`) VALUES 
 (0x343034,1,NULL,0x63616E646964617465,0x77616E677869616F6C6569,0x343033);
/*!40000 ALTER TABLE `act_ru_identitylink` ENABLE KEYS */;


--
-- Definition of table `act_ru_job`
--

DROP TABLE IF EXISTS `act_ru_job`;
CREATE TABLE `act_ru_job` (
  `ID_` varchar(64) COLLATE utf8_bin NOT NULL,
  `REV_` int(11) DEFAULT NULL,
  `TYPE_` varchar(255) COLLATE utf8_bin NOT NULL,
  `LOCK_EXP_TIME_` timestamp NOT NULL DEFAULT CURRENT_TIMESTAMP ON UPDATE CURRENT_TIMESTAMP,
  `LOCK_OWNER_` varchar(255) COLLATE utf8_bin DEFAULT NULL,
  `EXCLUSIVE_` tinyint(1) DEFAULT NULL,
  `EXECUTION_ID_` varchar(64) COLLATE utf8_bin DEFAULT NULL,
  `PROCESS_INSTANCE_ID_` varchar(64) COLLATE utf8_bin DEFAULT NULL,
  `RETRIES_` int(11) DEFAULT NULL,
  `EXCEPTION_STACK_ID_` varchar(64) COLLATE utf8_bin DEFAULT NULL,
  `EXCEPTION_MSG_` varchar(4000) COLLATE utf8_bin DEFAULT NULL,
  `DUEDATE_` timestamp NULL DEFAULT NULL,
  `REPEAT_` varchar(255) COLLATE utf8_bin DEFAULT NULL,
  `HANDLER_TYPE_` varchar(255) COLLATE utf8_bin DEFAULT NULL,
  `HANDLER_CFG_` varchar(4000) COLLATE utf8_bin DEFAULT NULL,
  PRIMARY KEY (`ID_`),
  KEY `ACT_FK_JOB_EXCEPTION` (`EXCEPTION_STACK_ID_`),
  CONSTRAINT `ACT_FK_JOB_EXCEPTION` FOREIGN KEY (`EXCEPTION_STACK_ID_`) REFERENCES `act_ge_bytearray` (`ID_`)
) ENGINE=InnoDB DEFAULT CHARSET=utf8 COLLATE=utf8_bin;

--
-- Dumping data for table `act_ru_job`
--

/*!40000 ALTER TABLE `act_ru_job` DISABLE KEYS */;
/*!40000 ALTER TABLE `act_ru_job` ENABLE KEYS */;


--
-- Definition of table `act_ru_task`
--

DROP TABLE IF EXISTS `act_ru_task`;
CREATE TABLE `act_ru_task` (
  `ID_` varchar(64) COLLATE utf8_bin NOT NULL DEFAULT '',
  `REV_` int(11) DEFAULT NULL,
  `EXECUTION_ID_` varchar(64) COLLATE utf8_bin DEFAULT NULL,
  `PROC_INST_ID_` varchar(64) COLLATE utf8_bin DEFAULT NULL,
  `PROC_DEF_ID_` varchar(64) COLLATE utf8_bin DEFAULT NULL,
  `NAME_` varchar(255) COLLATE utf8_bin DEFAULT NULL,
  `PARENT_TASK_ID_` varchar(64) COLLATE utf8_bin DEFAULT NULL,
  `DESCRIPTION_` varchar(4000) COLLATE utf8_bin DEFAULT NULL,
  `TASK_DEF_KEY_` varchar(255) COLLATE utf8_bin DEFAULT NULL,
  `OWNER_` varchar(64) COLLATE utf8_bin DEFAULT NULL,
  `ASSIGNEE_` varchar(64) COLLATE utf8_bin DEFAULT NULL,
  `DELEGATION_` varchar(64) COLLATE utf8_bin DEFAULT NULL,
  `PRIORITY_` int(11) DEFAULT NULL,
  `CREATE_TIME_` timestamp NOT NULL DEFAULT CURRENT_TIMESTAMP ON UPDATE CURRENT_TIMESTAMP,
  `DUE_DATE_` datetime DEFAULT NULL,
  PRIMARY KEY (`ID_`),
  KEY `ACT_IDX_TASK_CREATE` (`CREATE_TIME_`),
  KEY `ACT_FK_TASK_EXE` (`EXECUTION_ID_`),
  KEY `ACT_FK_TASK_PROCINST` (`PROC_INST_ID_`),
  KEY `ACT_FK_TASK_PROCDEF` (`PROC_DEF_ID_`),
  CONSTRAINT `ACT_FK_TASK_EXE` FOREIGN KEY (`EXECUTION_ID_`) REFERENCES `act_ru_execution` (`ID_`),
  CONSTRAINT `ACT_FK_TASK_PROCDEF` FOREIGN KEY (`PROC_DEF_ID_`) REFERENCES `act_re_procdef` (`ID_`),
  CONSTRAINT `ACT_FK_TASK_PROCINST` FOREIGN KEY (`PROC_INST_ID_`) REFERENCES `act_ru_execution` (`ID_`)
) ENGINE=InnoDB DEFAULT CHARSET=utf8 COLLATE=utf8_bin;

--
-- Dumping data for table `act_ru_task`
--

/*!40000 ALTER TABLE `act_ru_task` DISABLE KEYS */;
INSERT INTO `act_ru_task` (`ID_`,`REV_`,`EXECUTION_ID_`,`PROC_INST_ID_`,`PROC_DEF_ID_`,`NAME_`,`PARENT_TASK_ID_`,`DESCRIPTION_`,`TASK_DEF_KEY_`,`OWNER_`,`ASSIGNEE_`,`DELEGATION_`,`PRIORITY_`,`CREATE_TIME_`,`DUE_DATE_`) VALUES 
 (0x323130,1,0x323038,0x323038,0x636865636B43726564697450726F636573733A313A323033,0x5665726966792063726564697420686973746F7279,NULL,NULL,0x766572696679437265646974486973746F72795461736B,NULL,NULL,NULL,50,'2012-02-01 10:33:16',NULL),
 (0x333131,1,0x333039,0x333039,0x636865636B43726564697450726F636573733A313A323033,0x5665726966792063726564697420686973746F7279,NULL,NULL,0x766572696679437265646974486973746F72795461736B,NULL,NULL,NULL,50,'2012-02-01 11:54:08',NULL),
 (0x333138,1,0x333136,0x333136,0x636865636B43726564697450726F636573733A313A323033,0x5665726966792063726564697420686973746F7279,NULL,NULL,0x766572696679437265646974486973746F72795461736B,NULL,NULL,NULL,50,'2012-02-01 11:54:57',NULL),
 (0x343033,1,0x343031,0x343031,0x46696E616E6369616C5265706F727450726F636573733A313A333034,0x5772697465206D6F6E74686C792066696E616E6369616C207265706F7274,NULL,NULL,0x757365727461736B31,NULL,NULL,NULL,50,'2012-02-01 11:56:35',NULL);
/*!40000 ALTER TABLE `act_ru_task` ENABLE KEYS */;


--
-- Definition of table `act_ru_variable`
--

DROP TABLE IF EXISTS `act_ru_variable`;
CREATE TABLE `act_ru_variable` (
  `ID_` varchar(64) COLLATE utf8_bin NOT NULL,
  `REV_` int(11) DEFAULT NULL,
  `TYPE_` varchar(255) COLLATE utf8_bin NOT NULL,
  `NAME_` varchar(255) COLLATE utf8_bin NOT NULL,
  `EXECUTION_ID_` varchar(64) COLLATE utf8_bin DEFAULT NULL,
  `PROC_INST_ID_` varchar(64) COLLATE utf8_bin DEFAULT NULL,
  `TASK_ID_` varchar(64) COLLATE utf8_bin DEFAULT NULL,
  `BYTEARRAY_ID_` varchar(64) COLLATE utf8_bin DEFAULT NULL,
  `DOUBLE_` double DEFAULT NULL,
  `LONG_` bigint(20) DEFAULT NULL,
  `TEXT_` varchar(4000) COLLATE utf8_bin DEFAULT NULL,
  `TEXT2_` varchar(4000) COLLATE utf8_bin DEFAULT NULL,
  PRIMARY KEY (`ID_`),
  KEY `ACT_FK_VAR_EXE` (`EXECUTION_ID_`),
  KEY `ACT_FK_VAR_PROCINST` (`PROC_INST_ID_`),
  KEY `ACT_FK_VAR_BYTEARRAY` (`BYTEARRAY_ID_`),
  CONSTRAINT `ACT_FK_VAR_BYTEARRAY` FOREIGN KEY (`BYTEARRAY_ID_`) REFERENCES `act_ge_bytearray` (`ID_`),
  CONSTRAINT `ACT_FK_VAR_EXE` FOREIGN KEY (`EXECUTION_ID_`) REFERENCES `act_ru_execution` (`ID_`),
  CONSTRAINT `ACT_FK_VAR_PROCINST` FOREIGN KEY (`PROC_INST_ID_`) REFERENCES `act_ru_execution` (`ID_`)
) ENGINE=InnoDB DEFAULT CHARSET=utf8 COLLATE=utf8_bin;

--
-- Dumping data for table `act_ru_variable`
--

/*!40000 ALTER TABLE `act_ru_variable` DISABLE KEYS */;
/*!40000 ALTER TABLE `act_ru_variable` ENABLE KEYS */;


--
-- Definition of table `authorities`
--

DROP TABLE IF EXISTS `authorities`;
CREATE TABLE `authorities` (
  `username` varchar(50) NOT NULL,
  `authority` varchar(50) NOT NULL,
  KEY `fk_authorities_users` (`username`)
) ENGINE=InnoDB DEFAULT CHARSET=gbk;

--
-- Dumping data for table `authorities`
--

/*!40000 ALTER TABLE `authorities` DISABLE KEYS */;
INSERT INTO `authorities` (`username`,`authority`) VALUES 
 ('admin','ROLE_ADMIN'),
 ('admin','ROLE_USER'),
 ('user','ROLE_USER'),
 ('keith','ROLE_USER'),
 ('keith','ROLE_SUPERVISOR'),
 ('rod','ROLE_USER');
/*!40000 ALTER TABLE `authorities` ENABLE KEYS */;


--
-- Definition of table `fm_catalog`
--

DROP TABLE IF EXISTS `fm_catalog`;
CREATE TABLE `fm_catalog` (
  `catalog_id` varchar(32) DEFAULT NULL,
  `catalog_name` varchar(100) DEFAULT NULL,
  `catalog_desc` varchar(2000) DEFAULT NULL,
  `second_name` varchar(100) DEFAULT NULL,
  `image_src` varchar(100) DEFAULT NULL,
  `order_id` int(11) DEFAULT NULL,
  `operate_date` date DEFAULT NULL,
  `is_delete_flag` char(1) DEFAULT NULL,
  `catalog_type` varchar(2) DEFAULT NULL,
  `parent_catalog_id` varchar(32) DEFAULT NULL
) ENGINE=InnoDB DEFAULT CHARSET=gbk;

--
-- Dumping data for table `fm_catalog`
--

/*!40000 ALTER TABLE `fm_catalog` DISABLE KEYS */;
INSERT INTO `fm_catalog` (`catalog_id`,`catalog_name`,`catalog_desc`,`second_name`,`image_src`,`order_id`,`operate_date`,`is_delete_flag`,`catalog_type`,`parent_catalog_id`) VALUES 
 ('8306abc532534628bd477532923b7d41','','<PRE id=line37><PRE id=line37><PRE id=line37></PRE></PRE></PRE>',NULL,'2',0,NULL,NULL,'11','9a2f942c23a84cc18ea0b4fbef3f2c28'),
 ('9a2f942c23a84cc18ea0b4fbef3f2c28','','<DIV class=show-cont>\r\n<H4>Ultra-ARM<FONT class=font_333_12>&nbsp;<BR><BR></FONT>,Ultra-ARM;,</H4></DIV>',NULL,'2',0,NULL,NULL,'3','0000'),
 ('dc936f043e9b4aab87334c494fa1b4e8','','<P>4</P>',NULL,'2',0,NULL,NULL,'3','0000'),
 ('07f47b70c99245ddb199ecbe2c68a84d','','<P></P>',NULL,'1',0,NULL,NULL,'2','0000'),
 ('a44b526116e94179a5822f83bd5c62ff','','<P>6666666666666</P>',NULL,'3',0,NULL,NULL,'5','0000'),
 ('b17b4124b7cf47d490dda3fa9199cb03','','',NULL,'',0,'2012-03-01',NULL,'11','0000'),
 ('e8b4673835714b64abf1be19415f38e0','','<PRE id=line37></PRE>',NULL,'22',0,'2012-03-02',NULL,'11','9a2f942c23a84cc18ea0b4fbef3f2c28'),
 ('25624e706e544d57a390f7f00de2b56d','','<PRE id=line37></PRE>',NULL,'22',0,'2012-03-02',NULL,'11','9a2f942c23a84cc18ea0b4fbef3f2c28'),
 ('39e9444ab05e471a92f729af343501e5','','<PRE id=line37></PRE>',NULL,'22',0,'2012-03-02',NULL,'11','9a2f942c23a84cc18ea0b4fbef3f2c28'),
 ('138133f8376b464d88ed520feda7dccf','','<PRE id=line32></PRE>',NULL,'11',0,'2012-03-02',NULL,'22','dc936f043e9b4aab87334c494fa1b4e8'),
 ('7d66ecf5e9724110b0084c4b17cd8566','','<PRE id=line32></PRE>',NULL,'',0,'2012-03-02',NULL,'','dc936f043e9b4aab87334c494fa1b4e8'),
 ('84ab46db29864b23a4d8d5ada66023df','','<PRE id=line32></PRE>',NULL,'',0,'2012-03-02',NULL,'','dc936f043e9b4aab87334c494fa1b4e8'),
 ('d32d7e32042841c6b6fc83903e0954f1','','<PRE id=line32></PRE>',NULL,'',0,'2012-03-02',NULL,'','dc936f043e9b4aab87334c494fa1b4e8'),
 ('eb21de2530ee4d7abed17b4e958dde08','','<PRE id=line32></PRE>',NULL,'',0,'2012-03-02',NULL,'','dc936f043e9b4aab87334c494fa1b4e8'),
 ('37d8156377214f06bdee085f9a039a81','','',NULL,'',0,'2012-03-02',NULL,'','0000'),
 ('4089065c28c3422b991d3e5e0ec61eb9','','<PRE id=line37></PRE>',NULL,'',0,'2012-03-02',NULL,'','37d8156377214f06bdee085f9a039a81'),
 ('9286d0bb832649eab72de6e5747068b5','','<PRE id=line37></PRE>',NULL,'',0,'2012-03-02',NULL,'','b17b4124b7cf47d490dda3fa9199cb03'),
 ('fc5c32495ff141739c7851a49a6c453c','','<PRE id=line37></PRE>',NULL,'',0,'2012-03-02',NULL,'','37d8156377214f06bdee085f9a039a81'),
 ('2b5fed41e9694459a0b53b57b19bca89','','<PRE id=line37></PRE>',NULL,'',0,'2012-03-02',NULL,'','37d8156377214f06bdee085f9a039a81'),
 ('26fc9dd856344968b42241db9bb86ae2','','<PRE id=line37></PRE>',NULL,'',0,'2012-03-02',NULL,'','37d8156377214f06bdee085f9a039a81'),
 ('4a2624b3925c4bddbfd23d6191330595','','<H4>IT<FONT class=font_333_12>&nbsp;<B></B></FONT></H4>\r\n<P></P>\r\n<LI class=cont_li></LI>\r\n<LI class=cont_li></LI>\r\n<LI class=cont_li>SOX</LI>\r\n<LI class=cont_li>IT</LI>',NULL,'1',0,'2012-03-02',NULL,'2','138133f8376b464d88ed520feda7dccf'),
 ('19c82d4cc2414633b8c6e26ef56a5d0a','','<H4>IDC<FONT class=font_333_12>&nbsp;<B></B></FONT></H4>\r\n<P></P>\r\n<LI class=cont_li></LI>\r\n<LI class=cont_li></LI>\r\n<LI class=cont_li></LI>',NULL,'1',0,'2012-03-02',NULL,'2','138133f8376b464d88ed520feda7dccf'),
 ('c7b91955105c4e929a5ebeab861dddba','','<H4>IT<FONT class=font_333_12>&nbsp;<B></B></FONT></H4>\r\n<P></P>\r\n<LI class=cont_li></LI>\r\n<LI class=cont_li></LI>\r\n<LI class=cont_li></LI>\r\n<LI class=cont_li></LI>\r\n<LI class=cont_li></LI>',NULL,'1',0,'2012-03-02',NULL,'2','138133f8376b464d88ed520feda7dccf'),
 ('506bb96e6753477482a1610c6ae387bc','','<H3>\r\n<H4>IT<FONT class=font_333_12>&nbsp;<B></B></FONT></H4>\r\n<P></P>\r\n<LI class=cont_li>IT</LI>\r\n<LI class=cont_li>IT</LI>\r\n<LI class=cont_li></LI>\r\n<LI class=cont_li></LI></H3>',NULL,'1',0,'2012-03-02',NULL,'2','138133f8376b464d88ed520feda7dccf'),
 ('b32bf593a3a64d1f8cd39c7626d4f573','','<H4><FONT class=font_333_12>&nbsp;<B></B></FONT></H4>\r\n<P></P>\r\n<LI class=cont_li></LI>\r\n<LI class=cont_li></LI>\r\n<LI class=cont_li></LI>\r\n<LI class=cont_li></LI>',NULL,'1',0,'2012-03-02',NULL,'2','7d66ecf5e9724110b0084c4b17cd8566'),
 ('289604412a264c28a6b52463f28d3754','','<H4><FONT class=font_333_12>&nbsp;<B></B></FONT></H4>\r\n<P></P>\r\n<LI class=cont_li></LI>\r\n<LI class=cont_li></LI>\r\n<LI class=cont_li></LI>\r\n<LI class=cont_li></LI>',NULL,'1',0,'2012-03-02',NULL,'2','7d66ecf5e9724110b0084c4b17cd8566');
/*!40000 ALTER TABLE `fm_catalog` ENABLE KEYS */;


--
-- Definition of table `fm_content`
--

DROP TABLE IF EXISTS `fm_content`;
CREATE TABLE `fm_content` (
  `id` varchar(32) DEFAULT NULL,
  `cnt_caption` varchar(200) DEFAULT NULL,
  `second_caption` varchar(200) DEFAULT NULL,
  `content` blob,
  `operate_user_id` varbinary(32) DEFAULT NULL,
  `operate_date` date DEFAULT NULL,
  `is_delete_flag` char(1) DEFAULT NULL,
  `order_id` int(11) DEFAULT NULL,
  `click_num` int(11) DEFAULT NULL,
  `catalog_id` varchar(32) DEFAULT NULL
) ENGINE=InnoDB DEFAULT CHARSET=gbk;

--
-- Dumping data for table `fm_content`
--

/*!40000 ALTER TABLE `fm_content` DISABLE KEYS */;
INSERT INTO `fm_content` (`id`,`cnt_caption`,`second_caption`,`content`,`operate_user_id`,`operate_date`,`is_delete_flag`,`order_id`,`click_num`,`catalog_id`) VALUES 
 ('1',NULL,NULL,0x3C703E0D0A095468697320697320736F6D65203C7374726F6E673E73616D706C6520746578743C2F7374726F6E673E2E20596F7520617265207573696E67203C6120687265663D22687474703A2F2F636B656469746F722E636F6D2F223E434B456469746F723C2F613E2E3C2F703E0D0A,NULL,NULL,NULL,NULL,NULL,NULL),
 ('1',NULL,NULL,0x3C703E0D0A095468697320697320736F6D65203C7374726F6E673E73616D706C6520746578743C2F7374726F6E673E2E20596F7520617265207573696E67203C6120687265663D22687474703A2F2F636B656469746F722E636F6D2F223E434B456469746F723C2F613E2E3C2F703E0D0A3C703E0D0A09CDF4D0A1C0DA3C2F703E0D0A3C703E0D0A09C4E3BAC3A3A13C2F703E0D0A,NULL,NULL,NULL,NULL,NULL,NULL),
 ('d1ad4dfd8ab64832b1188823d5bd3a30','','',0x3C703E0D0A095468697320697320736F6D65203C7374726F6E673E73616D706C6520746578743C2F7374726F6E673E2E20596F7520617265207573696E67203C6120687265663D22687474703A2F2F636B656469746F722E636F6D2F223E434B456469746F723C2F613E2EB5C8B5C83C2F703E0D0A,NULL,NULL,'0',NULL,NULL,'333'),
 ('3c1d215b7fdc46489912912c3ab4ff61','','3',0x3C703E0D0A093C7370616E207374796C653D22636F6C6F723A236666303030303B223EB4D3BDF1B2D7BAA3C4D1CEAACBAEA3AC3C2F7370616E3E3C2F703E0D0A3C703E0D0A093C7370616E207374796C653D22636F6C6F723A233030303063643B223EB3FDC8A5CED7C9BDB2BBCAC7D4C6A1A33C2F7370616E3E3C2F703E0D0A,NULL,'2011-11-29','0',NULL,0,'aaa'),
 ('76ae747805434b6982604d80af6d223c','','',0x3C703E0D0A09CDE2C3E6B5C4D1A9BAC3B4F3A3ACB4B0BBA7B6BCB3C7B0D7C9ABB5C4C1CBA3ACCDE2C3E6B6BCCAC7B0D7B5C4A1A33C2F703E0D0A3C703E0D0A09CED2CFEBA1A3A1A3A1A33C2F703E0D0A,NULL,'2011-11-29','0',NULL,0,'aaa'),
 ('2ba76fcc680045e0abc600cda131afe9','','',0x3C703E0D0A093C696D6720616C743D2222207372633D222F74726176656C2F7573657266696C65732F66696C65732F6A6961676F752E6A706722207374796C653D2277696474683A2036363770783B206865696768743A2034393570783B22202F3E3C2F703E0D0A3C703E0D0A09CABFB4F3B7F2C8F6B7C9C8F7206664733C2F703E0D0A3C703E0D0A096673646164736661736664613C2F703E0D0A3C703E0D0A096673647364666664733C2F703E0D0A3C703E0D0A09736466613C2F703E0D0A3C703E0D0A0973666461736466616673646164667361647366613C2F703E0D0A3C703E0D0A09647366617364666166736461647366613C2F703E0D0A3C703E0D0A09B7B6B5C2C8F8B8A3CAA6B4F3B7B6B5C2C8F8C8F6B5A9B7A83C2F703E0D0A3C703E0D0A09B7A2C9FAB5C4BFD5BCE464736CBFB4B7A2B5D8B7BD266E6273703B3C2F703E0D0A,NULL,'2011-11-30','0',NULL,0,' '),
 ('a1d4eb69d57d42378b0d325df7a4e247','','',0x3C64697620636C6173733D227461622D626F78222069643D22706167655F62716E725F3222207374796C653D22646973706C61793A20626C6F636B3B223E0D0A093C703E0D0A0909266E6273703B266E6273703B266E6273703B20C9F1D6DDCCA9D4C0D4CBCEACB7FECEF1D4DAB4ABCDB3B5C4C8D5B3A3D4CBD0D0CEACBBA4B7FECEF1BBF9B4A1C9CFA3ACC8DAC8EBB9ABCBBED4DA4F5353A1A24954534DC1ECD3F2B5C4D0D0D2B5BEADD1E9A1A2D2B5CEF1D6AACAB6BACDD7A8D2B5D6AACAB6A3ACCEAABFCDBBA7CCE1B9A9CCF9BACFD2B5CEF1BACDB9DCC0EDB5C4D7A820D2B5BBAFD4CBD3AAB7FECEF1A3ACB2A2CDA8B9FDB7FECEF1B9A4B3CCCAA6BDABD4CBD3AABACDD7C9D1AFBCDBD6B5C2E4CAB5B5BDCAB5BCCABEDFCCE5B5C4D4CBCEACB7FECEF1B9FDB3CCD6D0A3ACB4D3B6F8CAB5CFD6B4D3B4ABCDB3B5C4B1BBB6AFB7FECEF1D7AAB1E4CEAAD3D0CBBCCFEBB5C4D6F7B6AFB7FECEF1A3ACCCE1C9FDB9ABCBBEB5C4B7FECEF1CBAE20C6BDA3ACCCE1B8DFBFCDBBA7C2FAD2E2B6C8A3ACBCABD6C2BFCDBBA7B5C4BCDBD6B5A1A3C6E4D6D0CED2C3C7CEAABFCDBBA7CCE1B9A9BBF9B1BEB7FECEF1A1A2B1A3D5CFB7FECEF1A1A2B4FACEACB7FECEF1A1A2D4CBD3AAB7FECEF1A1A33C2F703E0D0A093C6469763E0D0A09093C7374726F6E673E2A20D4B6B3CCD0C5CFA2B2E9D1AF3C2F7374726F6E673E3C2F6469763E0D0A093C703E0D0A0909BAACD2E5A3BABFCDBBA7CDA8B9FDB5E7BBB0A1A2D3CABCFEB5C8B7BDCABDCFF2D4CBCEACB7FECEF1D6D0D0C4D7C9D1AFB2FAC6B7A1A2CFB5CDB3B5C8D7CAD1B6D0C5CFA2A1A33C2F703E0D0A093C703E0D0A0909BCDBD6B5CCE5CFD6A3BACFF2BFCDBBA7CCE1B9A9CAB9D3C3B0EFD6FAD0C5CFA2A1A33C2F703E0D0A093C6469763E0D0A09093C7374726F6E673E2A20D4B6B3CCBCBCCAF5D6B8B5BC3C2F7374726F6E673E3C2F6469763E0D0A093C703E0D0A0909BAACD2E5A3BAD4CBCEACB7FECEF1D6D0D0C4D2D4B5E7BBB0A1A2D3CABCFEB7BDCABDCFF2BFCDBBA7CCE1B9A9B7FECEF1D6A7B3D6A1A33C2F703E0D0A093C703E0D0A0909BCDBD6B5CCE5CFD6A3BACCE1B9A9BEDFCCE5CECACCE2BDE2BEF6B0EFD6FAA1A33C2F703E0D0A093C6469763E0D0A09093C7374726F6E673E2A20D7D4D3D0B2FAC6B7427567D0DEB6A93C2F7374726F6E673E3C2F6469763E0D0A093C703E0D0A0909BAACD2E5A3BAB6A8C6DABBF2B2BBB6A8C6DAB7A2B2BCBACDCAB5CAA9C9F1D6DDCCA9D4C0D7D4D3D0B2FAC6B7B5C4B2B9B6A1A1A33C2F703E0D0A093C703E0D0A0909BCDBD6B5CCE5CFD6A3BABDE2BEF6C8EDBCFE425547A3ACCCE1B8DFC8EDBCFEBFC9D3C3D0D4A1A2B0B2C8ABD0D4A3ACD4F6C7BFC8EDBCFEB9A6C4DC3C2F703E0D0A093C703E0D0A09093C696D6720616C743D2222207372633D222F74726176656C2F7573657266696C65732F66696C65732F494D475F383135372E4A504722207374796C653D2277696474683A203136303070783B206865696768743A203130363770783B22202F3E3C2F703E0D0A3C2F6469763E0D0A3C703E0D0A09266E6273703B3C2F703E0D0A,NULL,'2011-12-02','0',NULL,0,'aaa'),
 ('0e8d0245ad5447b3ba3de25403c04978','','',0x3C64697620636C6173733D227461622D626F78222069643D22706167655F62716E725F3222207374796C653D22646973706C61793A20626C6F636B223E0D0A093C703E0D0A0909266E6273703B266E6273703B266E6273703B266E6273703B266E6273703B266E6273703B266E6273703B20C9F1D6DDCCA9D4C0D4CBCEACB7FECEF1D4DAB4ABCDB3B5C4C8D5B3A3D4CBD0D0CEACBBA4B7FECEF1BBF9B4A1C9CFA3ACC8DAC8EBB9ABCBBED4DA4F5353A1A24954534DC1ECD3F2B5C4D0D0D2B5BEADD1E9A1A2D2B5CEF1D6AACAB6BACDD7A8D2B5D6AACAB6A3ACCEAABFCDBBA7CCE1B9A9CCF9BACFD2B5CEF1BACDB9DCC0EDB5C4D7A8D2B5BBAFD4CBD3AAB7FECEF1A3ACB2A2CDA8B9FDB7FECEF1B9A4B3CCCAA6BDABD4CBD3AABACDD7C9D1AFBCDBD6B5C2E4CAB5B5BDCAB5BCCABEDFCCE5B5C4D4CBCEACB7FECEF1B9FDB3CCD6D0A3ACB4D3B6F8CAB5CFD6B4D3B4ABCDB3B5C4B1BBB6AFB7FECEF1D7AAB1E4CEAAD3D0CBBCCFEBB5C4D6F7B6AFB7FECEF1A3ACCCE1C9FDB9ABCBBEB5C4B7FECEF1CBAEC6BDA3ACCCE1B8DFBFCDBBA7C2FAD2E2B6C8A3ACBCABD6C2BFCDBBA7B5C4BCDBD6B5A1A3C6E4D6D0CED2C3C7CEAABFCDBBA7CCE1B9A9BBF9B1BEB7FECEF1A1A2B1A3D5CFB7FECEF1A1A2B4FACEACB7FECEF1A1A2D4CBD3AAB7FECEF1A1A33C2F703E0D0A093C6469763E0D0A09093C7374726F6E673E2A20D4B6B3CCD0C5CFA2B2E9D1AF3C2F7374726F6E673E3C2F6469763E0D0A093C703E0D0A0909BAACD2E5A3BABFCDBBA7CDA8B9FDB5E7BBB0A1A2D3CABCFEB5C8B7BDCABDCFF2D4CBCEACB7FECEF1D6D0D0C4D7C9D1AFB2FAC6B7A1A2CFB5CDB3B5C8D7CAD1B6D0C5CFA2A1A33C2F703E0D0A093C703E0D0A0909BCDBD6B5CCE5CFD6A3BACFF2BFCDBBA7CCE1B9A9CAB9D3C3B0EFD6FAD0C5CFA2A1A33C2F703E0D0A093C6469763E0D0A09093C7374726F6E673E2A20D4B6B3CCBCBCCAF5D6B8B5BC3C2F7374726F6E673E3C2F6469763E0D0A093C703E0D0A0909BAACD2E5A3BAD4CBCEACB7FECEF1D6D0D0C4D2D4B5E7BBB0A1A2D3CABCFEB7BDCABDCFF2BFCDBBA7CCE1B9A9B7FECEF1D6A7B3D6A1A33C2F703E0D0A093C703E0D0A0909BCDBD6B5CCE5CFD6A3BACCE1B9A9BEDFCCE5CECACCE2BDE2BEF6B0EFD6FAA1A33C2F703E0D0A093C6469763E0D0A09093C7374726F6E673E2A20D7D4D3D0B2FAC6B7427567D0DEB6A93C2F7374726F6E673E3C2F6469763E0D0A093C703E0D0A0909BAACD2E5A3BAB6A8C6DABBF2B2BBB6A8C6DAB7A2B2BCBACDCAB5CAA9C9F1D6DDCCA9D4C0D7D4D3D0B2FAC6B7B5C4B2B9B6A1A1A33C2F703E0D0A093C703E0D0A0909BCDBD6B5CCE5CFD6A3BABDE2BEF6C8EDBCFE425547A3ACCCE1B8DFC8EDBCFEBFC9D3C3D0D4A1A2B0B2C8ABD0D4A3ACD4F6C7BFC8EDBCFEB9A6C4DC3C2F703E0D0A3C2F6469763E0D0A3C703E0D0A09266E6273703B3C2F703E0D0A,NULL,'2011-12-02','0',NULL,0,'aaa'),
 ('ec89822b456142cf94fde266f7dc8ced','','',0x3C64697620636C6173733D227461622D626F78222069643D22706167655F62716E725F3322207374796C653D22646973706C61793A20626C6F636B223E0D0A093C6469763E0D0A09093C7374726F6E673E2A20C8EDD3B2BCFEB1A3D0DEB7FECEF13C2F7374726F6E673E3C2F6469763E0D0A093C703E0D0A0909BAACD2E5A3BAB6D4CBF9CCE1B9A9B5C4CFB5CDB3B5C4C8EDD3B2BCFECCE1B9A9B1A3D0DEB7FECEF1A3ACB7C7D7D4D3D0B2FAC6B7B1A3D0DECCF5BFEEB2CEBFBCCFE0D3A6B3A7C9CCB9E6B6A8A1A33C2F703E0D0A093C703E0D0A0909BCDBD6B5CCE5CFD6A3BACCE1B9A9B9CAD5CFB1A3D0DEA3ACC2FAD7E3D3C3BBA7BFC9D3C3D0D4D2AAC7F3A1A33C2F703E0D0A093C6469763E0D0A09093C7374726F6E673E2A20C8EDD3B2BCFEC9FDBCB6B7FECEF13C2F7374726F6E673E3C2F6469763E0D0A093C703E0D0A0909BAACD2E5A3BAB6D4D3DAB9ABCBBED7D4D3D0B2FAC6B7A3ACCCE1B9A9CFB5CDB3C8EDBCFEB5C4B0E6B1BEC9FDBCB6A1A2B5F7CAD4B9A4D7F7A3BBB6D4D3DAB5DAC8FDB7BDC8EDD3B2BCFEB2FAC6B7A3ACBFC9D2D4CCE1B9A9B4F2B2B9B6A1A1A2CFB5CDB3B0E6B1BEC9FDBCB6B5C8B2D9D7F7B7FECEF1A1A33C2F703E0D0A093C703E0D0A0909BCDBD6B5CCE5CFD6A3BACDA8B9FDC9FDBCB6B7FECEF1A3ACD4DAB0B2C8ABA1A2B9A6C4DCA1A2D0D4C4DCB5C8B6E0B7BDC3E6CCE1B8DFCFB5CDB3C4DCC1A6A1A33C2F703E0D0A093C6469763E0D0A09093C7374726F6E673E2A20C8EDD3B2BCFEB9CAD5CFCFECD3A6B7FECEF13C2F7374726F6E673E3C2F6469763E0D0A093C703E0D0A0909BAACD2E5A3BACFE0B9D8C8EDD3B2BCFEB9CAD5CFB5C4D3A6BCB1CFECD3A6A3ACB0FCC0A8B9CAD5CFBBD6B8B4A1A2CFB5CDB3C8A1D6A4B5C8A3ACB0B4D5D5B7FECEF1BCB6B1F0BDF8D0D0D3A6BCB1CFECD3A6D2D4BDB5B5CDCBF0CAA7B2A2BDB5B5CDB7E7CFD5A1A33C2F703E0D0A093C703E0D0A0909BCDBD6B5CCE5CFD6A3BACEAFC5C9BCBCCAF5C8CBD4B1BDE2BEF6D3C3BBA7CAB9D3C3D6D0B3F6CFD6B5C4CFB5CDB3B9CAD5CFA3ACBDB5B5CDB9CAD5CFD3B0CFECA1A33C2F703E0D0A093C6469763E0D0A09093C7374726F6E673E2A20C8EDBCFE427567D0DEB6A9B7FECEF13C2F7374726F6E673E3C2F6469763E0D0A093C703E0D0A0909BAACD2E5A3BAB6D4D3DAB9ABCBBED7D4D3D0B2FAC6B7A3ACBCB0CAB1CCE1B9A9C8EDBCFEB5C4B0E6B1BEC9FDBCB6A1A2B5F7CAD4B9A4D7F7A3BBB6D4D3DAB5DAC8FDB7BDC8EDBCFEB2FAC6B7A3ACB0B4D5D5D4ADB3A7D6B8B5BCBDF8D0D0627567D0DEB6A9A1A33C2F703E0D0A093C703E0D0A0909BCDBD6B5CCE5CFD6A3BACFE0B1C8D3DABBF9B1BEB7FECEF1B5C4425547D0DED5FDA3ACCCE1B9A9C6B5B4CEB8FCB8DFA1A2B8FCBCB0CAB1B5C4D0DED5FDB7FECEF1A3ACBDB5B5CDD3C9D3DA425547B6D4CFB5CDB3B2FAC9FAD3B0CFECB5C4B3CCB6C8A3ACB8FCD3D0C0FBD3DAD4A4B7C0D3C9D3DA425547BACDC2A9B6B4D2FDC6F0B5C4B2BBB0B2C8ABD2F2CBD8A1A33C2F703E0D0A093C6469763E0D0A09093C7374726F6E673E2A20C8EDD3B2BCFED6DCC6DAD0D4BDA1BFB5D0D4BCECB2E93C2F7374726F6E673E3C2F6469763E0D0A093C703E0D0A0909BAACD2E5A3BAB6A8C6DAB6D4BFCDBBA7B7BDCDF8C2E7BACDCFB5CDB3BDF8D0D0BDA1BFB5D0D4BCECB2E9D2D4C8B7B1A3CFB5CDB3B5C4D5FDB3A3D4CBD0D0A3ACBCECB2E9CEAAD7DBBACFD0D4D1B2BCECA3ACB0FCC0A8D3B2BCFEC9E8B1B8D7B4CCACA1A2B2D9D7F7CFB5CDB3D7B4CCACA1A2CAFDBEDDBFE2D7B4CCACA1A2CFB5CDB3C8EDBCFECAB9D3C3D7B4CCACB5C8A1A33C2F703E0D0A093C703E0D0A0909BCDBD6B5CCE5CFD6A3BAB6A8C6DABCECB2E9A3ACC5D0B6CFCFB5CDB3D0D4C4DCA1A2B0B2C8ABD7B4CCACA3ACB1A3D6A4CFB5CDB3BFC9D3C3D0D4A3ACC5C5B2E9B9CAD5CFD2FEBBBCA3ACD4A4B7C0B9CAD5CFB7A2C9FAA3ACBDB5B5CDCFB5CDB3D6D0B6CFB7E7CFD5A1A33C2F703E0D0A3C2F6469763E0D0A3C703E0D0A09266E6273703B3C2F703E0D0A,NULL,'2011-12-02','0',NULL,0,'aaa'),
 ('9db7faf7a8b84c78a44b71d7d1ddee22','','',0x3C64697620636C6173733D227461622D626F78222069643D22706167655F62716E725F3422207374796C653D22646973706C61793A20626C6F636B223E0D0A093C6469763E0D0A09093C7374726F6E673E2A20BBF9B4A1C9E8CAA9C9CFBCDCA1A2B5F7B2E2A1A2C5E4D6C33C2F7374726F6E673E3C2F6469763E0D0A093C703E0D0A0909BAACD2E5A3BAB5B1CFB5CDB3D0C2D4F6BBF9B4A1C9E8CAA9CAB1A3ACCCE1B9A9CFE0B9D8C9E8B1B8B5C4C9CFBCDCA1A2B5F7B2E2BACDC5E4D6C3A3ACD2D4C2FAD7E3CFB5CDB3D0E8D2AAA1A33C2F703E0D0A093C703E0D0A0909BCDBD6B5CCE5CFD6A3BAD4DAB7FECEF1C6DAC4DAA3ACD6B1BDD3CEAAD3C3BBA7CCE1B9A9C9E8B1B8C9CFBCDCB0B2D7B0B5F7B2E2C5E4D6C3B9A4D7F7A3ACBCF5C9D9D3C3BBA7D2F2CEAAD0C2B9A4D7F7B7A2C9FAB7D1D3C3B6F8B4F8C0B4B5C4C9F3C5FAC1F7B3CCB5C8B9A4D7F7A3ACCDB3D2BBCAD5B7D1A3ACCEAAD3C3BBA7CCE1B9A9B7BDB1E3A1A33C2F703E0D0A093C6469763E0D0A09093C7374726F6E673E2A20CFB5CDB3CFE0B9D8C9E8B1B8B0B2D7B0A1A2C5E4D6C33C2F7374726F6E673E3C2F6469763E0D0A093C703E0D0A0909BAACD2E5A3BAD0C2D4F6C9E8B1B8BBF2D4ADCFB5CDB3BBB7BEB3B1E4BBAFCAB1CCE1B9A9CFE0B9D8C9E8B1B8A3A8B0FCC0A8D6F7BBFAA1A2B2D9D7F7CFB5CDB3A1A2D3A6D3C3CFB5CDB3A1A2CAFDBEDDBFE2A1A2D6D0BCE4BCFEA1A2B4E6B4A2C9E8B1B8B5C8A3A9B5C4B0B2D7B0BACDC5E4D6C3A3ACD2D4CACAD3A6BBB7BEB3BACDD2B5CEF1B5C4B1E4BBAFA1A33C2F703E0D0A093C703E0D0A0909BCDBD6B5CCE5CFD6A3BACCE1B9A9C8EDD3B2BCFEB0B2D7B0C5E4D6C3B9A4D7F7A3ACBCF5C9D9D3C3BBA7B9A4D7F7C1BFA3ACCCE1B8DFB9A4D7F7D0A7C2CAA1A33C2F703E0D0A093C6469763E0D0A09093C7374726F6E673E2A20CFB5CDB3CFE0B9D8C9E8B1B8C5E4D6C3B5F7D5FBA1A2D3C5BBAF3C2F7374726F6E673E3C2F6469763E0D0A093C703E0D0A0909BAACD2E5A3BAB0B4D5D5D2B5CEF1B1E4BBAFD2D4BCB0CDB3BBB7BEB3B1E4BBAFBCB0CAB1CCE1B9A9CFE0B9D8C9E8B1B8A3A8B0FCC0A8D6F7BBFAA1A2B2D9D7F7CFB5CDB3A1A2D3A6D3C3CFB5CDB3A1A2CAFDBEDDBFE2A1A2D6D0BCE4BCFEA1A2B4E6B4A2C9E8B1B8B5C8A3A9B5C4C5E4D6C3B5F7D5FBBACDD3C5BBAFA1A33C2F703E0D0A093C703E0D0A0909BCDBD6B5CCE5CFD6A3BABCB0CAB1B6D4CFB5CDB3C5E4D6C3D7F6B3F6B5F7D5FBD3C5BBAFA3ACCCE1B9A9D7A8D2B5BCBCCAF5B1A3D5CFA3ACB1A3D6A4CFB5CDB3D4DAD0D4C4DCA1A2BFC9D3C3D0D4A1A2B0B2C8ABA1A2D2D7D3C3D0D4B5C8B6E0B7BDC3E6CABCD6D5B1A3B3D6D7EED3C5D7B4CCACA1A33C2F703E0D0A093C6469763E0D0A09093C7374726F6E673E2A20CFB5CDB3C8D5B3A3BDA1BFB5D0D4BCECB2E93C2F7374726F6E673E3C2F6469763E0D0A093C703E0D0A0909BAACD2E5A3BACCE1B9A9C8D5B3A3B8DFC6B5B6C8BDA1BFB5D0D4BCECB2E9A3ACB0FCC0A8D0D4C4DCA1A2BFD5BCE4A1A2C8D5D6BEA1A2BDF8B3CCA1A2C1ACBDD3CAFDB5C8A3ACBCB0CAB1B7A2CFD6BFC9C4DCB7A2C9FAB5C4B9CAD5CFA3ACCCE1B8DFB9CAD5CFD4A4BEAFC4DCC1A6A1A33C2F703E0D0A093C703E0D0A0909BCDBD6B5CCE5CFD6A3BAB8FCB8DFC6B5B4CEB5C4BDA1BFB5D0D4BCECB2E9A3ACCDA8B3A3CACAD3C3D3DAD6B5CAD8D0CDB7FECEF1A3ACC3BFC8D5BCECB2E9CFB5CDB3BDA1BFB5D7B4CCACA3ACD7EEB4F3B3CCB6C8B1A3D6A4CFB5CDB3BFC9D3C3D0D4BCB0D0D4C4DCD7B4CCACA1A33C2F703E0D0A093C6469763E0D0A09093C7374726F6E673E2A20CFB5CDB3CFE0B9D8C9E8B1B8C8D5D6BEBCECB2E9A1A2B7D6CEF63C2F7374726F6E673E3C2F6469763E0D0A093C703E0D0A0909BAACD2E5A3BACCE1B9A9C8D5B3A3B8DFC6B5B6C8CFB5CDB3CFE0B9D8C9E8B1B8A3A8D6F7BBFAA1A2B2D9D7F7CFB5CDB3A1A2D3A6D3C3CFB5CDB3A1A2CAFDBEDDBFE2A1A2D6D0BCE4BCFEB5C8A3A9B5C4C8D5D6BEBCECB2E9BACDB7D6CEF6A3ACB6D4B4E6D4DAB5C4CECACCE2BDF8D0D0B4A6C0EDA1A33C2F703E0D0A093C703E0D0A0909BCDBD6B5CCE5CFD6A3BACFD6B3A1C3BFC8D5B6D4C9E8B1B8C8D5D6BED7F6BCECB2E9A3ACB6D4BFC9D2C9D0C5CFA2D7F6C9EEC8EBB7D6CEF6A3ACD7EEB4F3B3CCB6C8D4A4B7C0CECACCE2B5C4B7A2C9FAA3ACCFFBB3FDD2FEBBBCD3DAC3C8D1BFD7B4CCACA3ACB1A3D6A4CFB5CDB3B8DFD6CAC1BFD4CBD0D0A1A33C2F703E0D0A093C6469763E0D0A09093C7374726F6E673E2A20CFB5CDB3CFE0B9D8C9E8B1B8B9CAD5CFB4A6C0ED3C2F7374726F6E673E3C2F6469763E0D0A093C703E0D0A0909BAACD2E5A3BAB6D4D3DAB3F6CFD6B9CAD5CFB5C4CFE0B9D8C9E8B1B8BDF8D0D0B5DAD2BBB8BAD4F0BACDCAD7CECAB8BAD4F0D6C6B4A6C0EDA3ACBEA1BFC9C4DCBCF5C9D9B6D4CFB5CDB3B5C4D3B0CFECA1A33C2F703E0D0A093C703E0D0A0909BCDBD6B5CCE5CFD6A3BABCBCCAF5C8CBD4B1D7A4C1F4CFD6B3A1B5DAD2BBCAB1BCE4B9CAD5CFB4A6C0EDA3ACC1E3CFECD3A6CAB1BCE4A3ACBFECCBD9D1B8BDDDBDE2BEF6CECACCE2A3ACB9CAD5CFD3B0CFECBDB5D6C1D7EEB5CDA1A33C2F703E0D0A093C6469763E0D0A09093C7374726F6E673E2A20CFB5CDB3D4CBD0D0BCE0BFD83C2F7374726F6E673E3C2F6469763E0D0A093C703E0D0A0909BAACD2E5A3BACCE1B9A9CFB5CDB3D4CBD0D0D7B4CCACCAB5CAB1BCE0BFD8A3ACBCE0BFD8C4DAC8DDB0FCC0A8D0D4C4DCA1A2BFD5BCE4A1A2C8D5D6BEA1A2BDF8B3CCA1A2C1ACBDD3CAFDB5C8A3ACBCB0CAB1B7A2CFD6BFC9C4DCB7A2C9FAB5C4B9CAD5CFA3ACCCE1B8DFB9CAD5CFD4A4BEAFC4DCC1A6A1A33C2F703E0D0A093C703E0D0A0909BCDBD6B5CCE5CFD6A3BACFB5CDB3D4CBD0D0D7B4CCACCAB5CAB1BCE0BFD8A3ACD2ECB3A3C7E9BFF6BCB0CAB1B7D6CEF6BDE2BEF6A3ACB6D4D3C3BBA74954CFB5CDB3B5C4D2ECB3A3D2B2BFC9BCB0CAB1CDA8B1A8A1A2D0ADD6FAB7D6CEF6A1A33C2F703E0D0A093C6469763E0D0A09093C7374726F6E673E2A20CFB5CDB3CFE0B9D8C9E8B1B8D3A6BCB1CFECD3A63C2F7374726F6E673E3C2F6469763E0D0A093C703E0D0A0909BAACD2E5A3BACFE0B6D4D3DAB1A3D5CFB7FECEF1B5C4B8DFBCB6B1F0C9E8B1B8D3A6BCB1CFECD3A6A3ACCFECD3A6B8FCD1B8CBD9A3ACB9A4B3CCCAA6BCBCCAF5C4DCC1A6B8FCC7BFA1A33C2F703E0D0A093C703E0D0A0909BCDBD6B5CCE5CFD6A3BACCD8CAE2C7E9BFF6CFC2B5C4BDF4BCB1CFECD3A6A3ACCCE1B9A9CCD8CAE2D7B4CCACB4A6C0EDD4A4B0B8A3ACB1A3D6A4BCBCCAF5C1A6C1BFA3ACB1A3D6A4B2D9D7F7B0B2C8ABD0D4A3ACB1A3D6A4C1F7B3CCB5C4BACFB9E6D0D4A1A33C2F703E0D0A093C6469763E0D0A09093C7374726F6E673E2A20CFB5CDB3BCC6BBAEC4DAD6D8C6F4CEACBBA43C2F7374726F6E673E3C2F6469763E0D0A093C703E0D0A0909BAACD2E5A3BAB8F9BEDDD3C3BBA7BCC6BBAEA3ACB6D4CFB5CDB3BDF8D0D0D6D8C6F4CEACBBA4B5C8B2D9D7F7A3ACCCE1B9A9CAC2C7B0CAB5CAA9B7BDB0B8A3ACB1A3D6A4CAB5CAA9D6CAC1BFA1A33C2F703E0D0A093C703E0D0A0909BCDBD6B5CCE5CFD6A3BAB8F9BEDDD3C3B5C44954CFB5CDB3D4CBD0D0CEACBBA4BCC6BBAEBACDC6E4CBFCCCD8B6A8BCC6BBAEA3ACD0ADD6FAD3C3BBA7CDEAB3C9BCC6BBAEC4DAB5C4CFB5CDB3D6D8C6F4A1A2CEACBBA4B9A4D7F7A3ACCCE1B9A9CAC2C7B0B2D9D7F7B7BDB0B8A3ACCAC2BAF3D7DCBDE1A3ACCCE1B9A9B2D9D7F7B9FDB3CCD6CAC1BFB1A3D6A4A1A33C2F703E0D0A093C6469763E0D0A09093C7374726F6E673E2A20CAFDBEDDB1B8B7DD3C2F7374726F6E673E3C2F6469763E0D0A093C703E0D0A0909BAACD2E5A3BAB6D4CAFDBEDDBDF8D0D0B6A8C6DAB1B8B7DDB2D9D7F7A3ACBDB5B5CDCFB5CDB3CAB9D3C3B7E7CFD5A1A33C2F703E0D0A093C703E0D0A0909BCDBD6B5CCE5CFD6A3BACCE1B9A9CFB5CDB3CAFDBEDDB1B8B7DDA3ACB1A3D6A4CFB5CDB3BFC9D3C3D0D4BACDCAFDBEDDB0B2C8ABA1A33C2F703E0D0A093C6469763E0D0A09093C7374726F6E673E2A20B1B8B7DDCAFDBEDDBBD6B8B4B2E2CAD43C2F7374726F6E673E3C2F6469763E0D0A093C703E0D0A0909BAACD2E5A3BAD4DAB7C7D3AAD2B5CAB1BCE4BDF8D0D0B1B8B7DDCAFDBEDDBBD6B8B4B2E2CAD4A3ACC8B7B1A3B1B8B7DDBBFAD6C6BCB0B1B8B7DDCAFDBEDDBFC9D3C3A1A33C2F703E0D0A093C703E0D0A0909BCDBD6B5CCE5CFD6A3BAB1A3D6A4CAFDBEDDB0B2C8ABD0D4A3ACB1A3D6A4B1B8B7DDCAFDBEDDBFC9D3C3D0D4A3ACBDB5B5CDD3A6BCB1B7E7CFD5A1A33C2F703E0D0A093C6469763E0D0A09093C7374726F6E673E2A20D3A6D3C3CFB5CDB3B1A8B1EDC0A9D5B9C5E4D6C3BCB0B5F7B2E23C2F7374726F6E673E3C2F6469763E0D0A093C703E0D0A0909BAACD2E5A3BAB8F9BEDDD3C3BBA7D0E8C7F3D2D4BCB0CED2B7BDBEADD1E9CDC6BCF6A3ACBCB0CAB1B5F7D5FBCFB5CDB3B1A8B1EDC5E4D6C3A3ACCAB9B1A8B1EDCAE4B3F6C4DCB9BBCACAD3A6D2B5CEF1BACDB9DCC0EDB5C4D0E8D2AAA1A33C2F703E0D0A093C703E0D0A0909BCDBD6B5CCE5CFD6A3BAD7A8D2B5B9A4B3CCCAA6B4FACCE6D3C3BBA7CDEAB3C9B1A8B1EDC5E4D6C3A1A2B1A8B1EDB6A8D6C6B9A4D7F7A3ACD0A7C2CAB8DFA3ACB1A3D6A4B1A8B1EDD6CAC1BFA3ACBDDACAA1D3C3BBA7CAB1BCE4BEABC1A6A1A33C2F703E0D0A093C6469763E0D0A09093C7374726F6E673E2A20D3A6D3C3CFB5CDB3B9A6C4DCC0A9D5B9C5E4D6C3BCB0B5F7B2E23C2F7374726F6E673E3C2F6469763E0D0A093C703E0D0A0909BAACD2E5A3BAB8F9BEDDD3C3BBA7D0E8C7F3D2D4BCB0CED2B7BDBEADD1E9CDC6BCF6A3ACBCB0CAB1B5F7D5FBCFB5CDB3B9A6C4DCC5E4D6C3A3ACCAB9B9A6C4DCCACAD3A6D3C3BBA7D2B5CEF1B1E4BBAFA1A33C2F703E0D0A093C703E0D0A0909BCDBD6B5CCE5CFD6A3BAD7A8D2B5B9A4B3CCCAA6B4FACCE6D3C3BBA7CDEAB3C9CFB5CDB3B9A6C4DCC0A9D5B9C5E4D6C3B5F7CAD4B9A4D7F7A3ACD0A7C2CAB8DFA3ACB1A3D6A4B2D9D7F7D6CAC1BFA3ACBDDACAA1D3C3BBA7CAB1BCE4BEABC1A6A1A33C2F703E0D0A093C6469763E0D0A09093C7374726F6E673E2A20D3A6D3C3CFB5CDB3C5E4D6C3C0A9D5B9B5F7D5FBBCB0B5F7B2E23C2F7374726F6E673E3C2F6469763E0D0A093C703E0D0A0909BAACD2E5A3BAB8F9BEDDBFCDBBA7D2B5CEF1BBB7BEB3B5C4B1E4BBAFA3ACBCB0CAB1B5F7D5FBD3A6D3C3CFB5CDB3B5C4C5E4D6C3A3ACB2A2D4DAB1D8D2AACAB1D4F6BCD3D0C2B5C4C5E4D6C3CFEEC0B4C2FAD3A6B6D4D2B5CEF1D3EBBBB7BEB3B5C4B1E4BBAFA1A3C8B7B1A3D3A6D3C3CFB5CDB3BCE0BFD8B6D4CFF3BACDB9E6D4F2B5C4CDEAD5FBD0D4A1A33C2F703E0D0A093C703E0D0A0909BCDBD6B5CCE5CFD6A3BAD7A8D2B5B9A4B3CCCAA6B4FACCE6D3C3BBA7CDEAB3C9B9A4D7F7A3ACD0A7C2CAB8DFA3ACB1A3D6A4B2D9D7F7D6CAC1BFA3ACBDDACAA1D3C3BBA7CAB1BCE4BEABC1A6A1A33C2F703E0D0A093C6469763E0D0A09093C7374726F6E673E2A20CDE2CEA7CFB5CDB3BDD3BFDAC5E4D6C3A1A2B5F7D5FBA1A2D3C5BBAF3C2F7374726F6E673E3C2F6469763E0D0A093C703E0D0A0909BAACD2E5A3BAB6D4CFB5CDB3CFE0B9D8B5C4CDE2CEA7CFB5CDB3A3A8B0FCC0A8D2B5CEF1CFB5CDB3A1A2B6CCD0C5CFB5CDB3A1A2D3CABCFECFB5CDB3B5C8A3A9D3EBB1BECFB5CDB3B5C4BDD3BFDABDF8D0D0C5E4D6C3A3ACD4DACDE2CEA7CFB5CDB3B7A2C9FAB1E4BBAFB5C4C7E9BFF6CFC2BCB0CAB1B5F7D5FBBACDD3C5BBAFBDD3BFDAA1A33C2F703E0D0A093C703E0D0A0909BCDBD6B5CCE5CFD6A3BAD7A8D2B5B9A4B3CCCAA6B4FACCE6D3C3BBA7CDEAB3C9D5EBB6D4CDE2CEA7CFB5CDB3B5C4C5E4D6C3A1A2B5F7D5FBA1A2D3C5BBAFB9A4D7F7A3ACC8E7A3BAB5DAC8FDB7BD4167656E74B5C4C5E4D6C3A3ACB5DAC8FDB7BDC8EDBCFEBDD3BFDAB5C4C5E4D6C3D3C5BBAFB5C8A3ACD0A7C2CAB8DFA3ACB1A3D6A4D6CAC1BFA3ACBDDACAA1D3C3BBA7CAB1BCE4BEABC1A6A1A33C2F703E0D0A093C6469763E0D0A09093C7374726F6E673E2A20D3A6D3C3CFB5CDB3CCD8B6A8CAFDBEDDD0DED5FD3C2F7374726F6E673E3C2F6469763E0D0A093C703E0D0A0909BAACD2E5A3BAB8F9BEDDD3C3BBA7D0E8D2AAA3ACD4DACCD8B6A8CAB1BCE4D0DEB8C4CFB5CDB3B1A8B8E6CAFDBEDDA3ACC2FAD7E3D3C3BBA7BFBCBACBA1A2C9F3BCC6B5C8D0E8D2AAA1A33C2F703E0D0A093C703E0D0A0909BCDBD6B5CCE5CFD6A3BACCE1B9A9B8F6D0D4BBAFCAFDBEDDB2E9D1AFD0DED5FDD0E8C7F3A3ACD6B1BDD3B4D3CAFDBEDDBFE2D6D0B2E9D1AFB5F7D5FBCCD8B6A8BFBCBACBCAFDBEDDA3ACC2FAD7E3BFBCBACBBACDC9F3BCC6B5C8D2AAC7F3A1A33C2F703E0D0A093C6469763E0D0A09093C7374726F6E673E2A20D3A6D3C3CFB5CDB3CCD8B6A8CAFDBEDDCAE4B3F63C2F7374726F6E673E3C2F6469763E0D0A093C703E0D0A0909BAACD2E5A3BACCE1B9A9C8CBB9A4CAFDBEDDCAE4B3F6A3ACB8F9BEDDD3C3BBA7CCD8CAE2D2AAC7F3A3ACCCE1B9A9D2BBB4CED0D4CAFDBEDDB2C9BCAFA1A2B2E9D1AFA1A2CAE4B3F6A1A2C9CFB1A8B5C8B2D9D7F7A1A33C2F703E0D0A093C703E0D0A0909BCDBD6B5CCE5CFD6A3BACCE1B9A9B8F6D0D4BBAFCAFDBEDDCAE4B3F6B1A8B8E6D0E8C7F3A3ACD6B1BDD3CAE4B3F6C2FAD7E3D0E8C7F3B5C4D2B5CEF1CAFDBEDDA3ACBFC9D2D4BBF1C8A1D7EEBCB0CAB1BACDB8F6D0D4BBAFB5C4CAFDBEDDCAE4B3F6A3ACC2FAD7E3CCD8B6A8D0E8D2AAA1A33C2F703E0D0A093C6469763E0D0A09093C7374726F6E673E2A20BBB7BEB3D0C5CFA2BDA8C1A2D3EBCEACBBA43C2F7374726F6E673E3C2F6469763E0D0A093C703E0D0A0909BAACD2E5A3BABDA8C1A2D3C3BBA74954CFB5CDB3BBB7BEB3D0C5CFA2B2A2BDF8D0D0CEACBBA4A1A33C2F703E0D0A093C703E0D0A0909BCDBD6B5CCE5CFD6A3BACDEAB1B8D3C3BBA74954D0C5CFA2D7CAD4B4A3ACCAB9D3C3BBA7C6F3D2B54954D4CBCEACB9A4D7F7D0A7C2CAB8FCB8DFA3ACB9FDB3CCB8FCBFC9BFD8A1A33C2F703E0D0A093C6469763E0D0A09093C7374726F6E673E2A20CFB5CDB3CAE4C8EBD4B4CAFDBEDDCDEAD5FBD0D4A1A2D7BCC8B7D0D4A1A2D5E6CAB5D0D4BCECB2E9BCB0B7D6CEF63C2F7374726F6E673E3C2F6469763E0D0A093C703E0D0A0909BAACD2E5A3BAB6D4CFB5CDB3CAE4C8EBD4B4CAFDBEDDCCE1B9A9BACBB2E9B7FECEF1A3ACB1A3D6A4CAFDBEDDB5C4CDEAD5FBA1A2D7BCC8B7BACDD5E6CAB5A1A33C2F703E0D0A093C703E0D0A0909BCDBD6B5CCE5CFD6A3BAB1A3D6A4CAFDBEDDD6CAC1BFA3ACB4D3CAFDBEDDB2FAC9FAD4B4CDB7B1A3D6A4CAFDBEDDCDEAD5FBA1A2D7BCC8B7A1A2D5E6CAB5A1A2BFC9BFBFA1A33C2F703E0D0A093C6469763E0D0A09093C7374726F6E673E2A20CFB5CDB3CAE4B3F6CAFDBEDDCDEAD5FBD0D4A1A2D7BCC8B7D0D4A1A2D5E6CAB5D0D4BCECB2E9BCB0B7D6CEF63C2F7374726F6E673E3C2F6469763E0D0A093C703E0D0A0909BAACD2E5A3BAB6D4CFB5CDB3CAE4B3F6CAFDBEDDA3A8B1C8C8E7B8E6BEAFD0C5CFA2A3ACB6CCD0C5D0C5CFA2B5C8A3A9CCE1B9A9BACBB2E9B7FECEF1A3ACB1A3D6A4CAFDBEDDB5C4CDEAD5FBA1A2D7BCC8B7BACDD5E6CAB5A1A33C2F703E0D0A093C703E0D0A0909BCDBD6B5CCE5CFD6A3BAB1A3D6A4CAE4B3F6CAFDBEDDD6CAC1BFA3ACCCE1B8DFD3C3BBA7B6D4CFB5CDB3B5C4C2FAD2E2B6C8A3ACD6F0B2BDD4F6C7BFCFB5CDB3CAE4B3F6CAFDBEDDB6D4D3C3BBA7B5C4BEF6B2DFD6A7B3D6C4DCC1A6A3ACCCE1B8DFD3C3BBA7B6D4CFB5CDB3D2C0C0B5B3CCB6C8A1A33C2F703E0D0A093C6469763E0D0A09093C7374726F6E673E2A20CFB5CDB3CAE4B3F6CAFDBEDDB5C4BAF3D0F8B4A6C0EDB8FAD7D93C2F7374726F6E673E3C2F6469763E0D0A093C703E0D0A0909BAACD2E5A3BAB6D4CFB5CDB3CAE4B3F6CAFDBEDDBAF3D0F8B4A6C0EDBDF8D0D0D6B8B5BCA1A2B8FAD7D9BACDD0A3D1E9A3ACC8B7B1A3CAC2CEF1B5C3B5BDD3D0D0A7BDE2BEF6A1A33C2F703E0D0A093C703E0D0A0909BCDBD6B5CCE5CFD6A3BACAFDBEDDB8FAD7D9B7FECEF1A3ACB1A3D6A4CAFDBEDDCFE0B9D8CAC2CEF1B5C4C8ABB9FDB3CCB7FECEF1A3ACB1A3D6A4CAC2CEF1BDE2BEF6D0A7B9FBA1A33C2F703E0D0A3C2F6469763E0D0A3C703E0D0A09266E6273703B3C2F703E0D0A,NULL,'2011-12-02','0',NULL,0,'aaa'),
 ('1dca11de62164305b9776d3466660fd4','','',0x3C6469763E0D0A093C7374726F6E673E2A20CFB5CDB3C5E0D1B53C2F7374726F6E673E3C2F6469763E0D0A3C703E0D0A09BAACD2E5A3BACCE1B9A9CFF2D3C3BBA7B8F7B8F6B2E3C3E6C8CBD4B1CCE1B9A9C8D5B3A3CFB5CDB3CAB9D3C3C5E0D1B5A3ACD0ADD6FAD3C3BBA7B8FCBAC3D5C6CED5CFB5CDB3CAB9D3C3BCBCC7C9A1A33C2F703E0D0A3C703E0D0A09BCDBD6B5CCE5CFD6A3BAB8F9BEDDCFB5CDB3D4CBD0D0CAB9D3C3D7B4BFF6A3ACCCE1B9A9B8F6D0D4BBAFB5C4B6A8D6C6C5E0D1B5A3ACCCE1B8DFD3C3BBA7B6D4CFB5CDB3B5C4CAB9D3C3C4DCC1A6A3ACB8FCBAC3B7A2BBD3CFB5CDB3D0A7C4DCA3ACD3C3BBA7D3C3B5C4D4BDBAC3A3ACCFB5CDB3B5C4CDB6D7CABCDBD6B5CCE5CFD6D4BDC3F7CFD4A1A33C2F703E0D0A3C6469763E0D0A093C7374726F6E673E2A20CFB5CDB3CDC6B9E33C2F7374726F6E673E3C2F6469763E0D0A3C703E0D0A09BAACD2E5A3BAD0ADD6FAD3C3BBA7D4DAC6F3D2B5C4DAB2BFCDC6B9E3CFB5CDB3BCB0D4CBCEACB9DCC0EDC1F7B3CCA1A33C2F703E0D0A3C703E0D0A09BCDBD6B5CCE5CFD6A3BAD0ADD6FAB6D4D3C3BBA74954CFB5CDB3B5C4CFC2CAF4B2BFC3C5BACDCFE0B9D8B7FECEF1B2BFC3C5CCE1B9A9B9D8D3DA4954534DCBBCCFEBA1A2B9A4BEDFA1A2B7BDB7A8C2DBB5C4CDC6B9E3B9A4D7F7A3ACCCE1B8DFD3C3BBA7D5FBCCE54954D4CBCEACB9DCC0EDCBAEC6BDA3ACCDC6B9E3BFC6D1A7C1F7B3CCA1A33C2F703E0D0A3C6469763E0D0A093C7374726F6E673E2A20B0B2C8ABC9F3BCC63C2F7374726F6E673E3C2F6469763E0D0A3C703E0D0A09BAACD2E5A3BACCE1B9A9B6D4CDF8C2E7D6D0D2ECB3A3D0D0CEAAB5C4B0B2C8ABC9F3BCC6A1A33C2F703E0D0A3C703E0D0A09BCDBD6B5CCE5CFD6A3BACDA8B9FDB6D4CCD8B6A8B5C4CDF8C2E7D2ECB3A3D0D0CEAABDF8D0D0B5C4B0B2C8ABC9F3BCC6C0B4C2E4CAB5C6F3D2B5B0B2C8ABB9DCC0EDB9E6B7B6BACDB6D4CCD8B6A8CAC2BCFEB5C4C8A1D6A4B4A6C0EDA1A33C2F703E0D0A3C6469763E0D0A093C7374726F6E673E2A20B0B2C8ABC8A1D6A43C2F7374726F6E673E3C2F6469763E0D0A3C703E0D0A09BAACD2E5A3BACCE1B9A9B6D4CDF8C2E7D6D0D2ECB3A3D0D0CEAAB5C4B0B2C8ABC8A1D6A4A1A33C2F703E0D0A3C703E0D0A09BCDBD6B5CCE5CFD6A3BAD0ADD6FAD3C3BBA7B6D4B0B2C8ABCAC2BCFEB5C4C8A1D6A4A3ACCCE1B9A9BFC9BFBFD6A4BEDDA3ACB6A8CEBBB0B2C8ABD4F0C8CEA1A33C2F703E0D0A3C6469763E0D0A093C7374726F6E673E2A20B0B2C8ABD7B7D7D93C2F7374726F6E673E3C2F6469763E0D0A3C703E0D0A09BAACD2E5A3BACCE1B9A9B6D4CDF8C2E7D6D0D2ECB3A3D0D0CEAAB5C4B0B2C8ABD7B7D7D9A1A33C2F703E0D0A3C703E0D0A09BCDBD6B5CCE5CFD6A3BAD7B7D7D9B0B2C8ABCECACCE2B4A6C0EDB9FDB3CCBCB0BDE1B9FBA3ACCCE1B9A9D5FBCCE5B9FDB3CCD0C5CFA2B1A8B8E6A3ACD3D0D6FAD3DAD3C3BBA7BBFDC0DBB0B2C8ABCECACCE2B4A6C0EDBEADD1E9A3ACCEAAD3C3BBA7CCE1B9A9D6AACAB6BFE2BBFDC0DBB1D8D0EBB5C4D4ADCABCD0C5CFA2A3ACCDACCAB1CEAAD4A4B7C0CDACC0E0CAC2BCFEB7A2C9FACCE1B9A9B9E6D4F2D6C6B6A9D2C0BEDDA1A33C2F703E0D0A3C6469763E0D0A093C7374726F6E673E2A20CFB5CDB3D3A6BCB1D1DDC1B73C2F7374726F6E673E3C2F6469763E0D0A3C703E0D0A09BAACD2E5A3BACCE1B9A9CFB5CDB3D3A6BCB1D1DDC1B7B7BDB0B8A3ACD6DCC6DAD0D4D0ADD6FAD3C3BBA7BDF8D0D0D3A6BCB1D1DDC1B7A3ACD4A4B7C0CDBBB7A2CAC2BCFEBACDD4D6C4D1CAC2BCFEA1A33C2F703E0D0A3C703E0D0A09BCDBD6B5CCE5CFD6A3BACDA8B9FDD0ADD6FAD3C3BBA7CDEAB3C9D3A6BCB1D1DDC1B7B9A4D7F7A3ACCCE1B8DFBFCDBBA7BDF4BCB1CAC2BCFEB4A6C0EDC4DCC1A6A3ACCEAABDF4BCB1CAC2BCFEB4A6C0EDCCE1B9A9D0C4C0EDBACDD0D0CEAAB5C8B6E0B7BDC3E6D7BCB1B8A1A33C2F703E0D0A3C6469763E0D0A093C7374726F6E673E2A20CFB5CDB3D4D6C4D1BBD6B8B43C2F7374726F6E673E3C2F6469763E0D0A3C703E0D0A09BAACD2E5A3BACCE1B9A9CFB5CDB3B7A2C9FAD6D8B4F3D4D6C4D1A3A8B1C8C8E7D3C9D3DAD2ECB3A3D4ADD2F2B5BCD6C2B5C4CFB5CDB3E5B4BBFAB5C8A3A9B5C4CFB5CDB3BBD6B8B4B7FECEF1A1A33C2F703E0D0A3C703E0D0A09BCDBD6B5CCE5CFD6A3BACCE1B9A9D7A8D2B5BCBCCAF5C8CBD4B1CAB5CAA9D4D6C4D1BBD6B8B4A3ACB1A3D6A4B2D9D7F7B9FDB3CCBFC9BFBFD0D4A3ACB1A3D6A4BBD6B8B4BAF3CFB5CDB3B5C4BFC9D3C3D0D4A3ACBDB5B5CDD4D6C4D1D3B0CFECA1A33C2F703E0D0A3C6469763E0D0A093C7374726F6E673E2A20CAFDBEDDD4D6C4D1BBD6B8B43C2F7374726F6E673E3C2F6469763E0D0A3C703E0D0A09BAACD2E5A3BACCE1B9A9CAFDBEDDD4DAD2ECB3A3B6AACAA7C7E9BFF6CFC2B5C4CAFDBEDDBBD6B8B4B7FECEF1A1A33C2F703E0D0A3C703E0D0A09BCDBD6B5CCE5CFD6A3BAD7A8D2B5C8CBD4B1CAB5CAA9D4D6BAF3CAFDBEDDBBD6B8B4D3EBD6D8BDA8A3ACB1A3D6A4D3C3BBA7D2B5CEF1CAFDBEDDC1ACD0F8D0D4A3ACBCF5C9D9D4D6C4D1D3B0CFECA1A33C2F703E0D0A3C6469763E0D0A093C7374726F6E673E2A20B9DCC0EDB9E6D5C2B6A8D2E5D3EBCEACBBA43C2F7374726F6E673E3C2F6469763E0D0A3C703E0D0A09BAACD2E5A3BAD0ADD6FAD3C3BBA7BDF8D0D0B9DCC0EDB9E6D5C2B5C4B6A8D2E5D3EBCEACBBA4A3ACBBF2CCE1B9A9D3EBD6AECFE0B9D8B5C4B1D8D2AAD0C5CFA2A1A33C2F703E0D0A3C703E0D0A09BCDBD6B5CCE5CFD6A3BAB8F9BEDDCFB5CDB3D4CBD0D0CCE1B9A9B5C4C8D5B3A3CAFDBEDDBCC7C2BCBCB0CDACC0E0CFEEC4BFBAE1CFF2B1C8BDCFA3ACCEAAD3C3BBA7CCE1B9A9D6C6B6A9B8FCBACFC0EDB5C4D0C2B9E6D5C2D6C6B6C8B5C4D2C0BEDDA1A3D0ADD6FAD3C3BBA7B4EFB5BDB8FCB8DFBCB6B1F0B5C44954CFB5CDB3B9DCC0EDCBAEC6BDA1A33C2F703E0D0A3C6469763E0D0A093C7374726F6E673E2A20B9DCC0EDC1F7B3CCB6A8D2E5D3EBCEACBBA43C2F7374726F6E673E3C2F6469763E0D0A3C703E0D0A09BAACD2E5A3BAB8F9BEDDD4CBD0D0BEADD1E9BACDD4CBD0D0CAFDBEDDA3ACCCE1B9A9D7A8D2B5C1F7B3CCB6A8D2E5D3EBCEACBBA4B7FECEF1A3ACD0ADD6FAD3C3BBA7CDEAC9C6C6F3D2B54954C1F7B3CCA1A33C2F703E0D0A3C703E0D0A09BCDBD6B5CCE5CFD6A3BAB8F9BEDDB6D4D3C3BBA7B9A4D7F7C1F7B3CCB2FAC9FAB5C4CAFDBEDDB5C4CDB3BCC6B8FAD7D9A3ACCCE1B9A9BACFC0EDD2E2BCFBA3ACD0ADD6FAD3C3BBA7CDEAC9C6B9DCC0EDC1F7B3CCA1A3CCE1B8DFD3C3BBA74954B7FECEF1D0A7C2CABACDD6CAC1BFA3ACCCE1B8DFD3C3BBA7D2B5CEF1B2BFC3C5B6D4D3C3BBA74954B2BFC3C5B7FECEF1B5C4C2FAD2E2B6C8A1A33C2F703E0D0A3C6469763E0D0A093C7374726F6E673E2A20D3A6D3C3CFB5CDB3C5E4D6C3B5F7D5FBBFAAB7A23C2F7374726F6E673E3C2F6469763E0D0A3C703E0D0A09BAACD2E5A3BAB0B4D5D5BFCDBBA7D2AAC7F3BACDBBF9D3DAB6D4D2B5CEF1B5C4B7D6CEF6A3ACBEADB9FDBFCDBBA7C8CFBFC9BAF3A3ACCCE1B9A9BBF9D3DACFD6D3D0CFB5CDB3B5C4C5E4D6C3B5F7D5FBB6FEB4CEBFAAB7A2B9A4D7F7A1A33C2F703E0D0A3C703E0D0A09BCDBD6B5CCE5CFD6A3BACDA8B9FDD0C2D0E8C7F3B6FEB4CEBFAAB7A2A3ACD4DAB8FCB8DFBCB6CBAEC6BDC9CFA3A8D0DEB8C4CFB5CDB3B3CCD0F2A3ACD4F6BCD3B8F6D0D4BBAFD0E8C7F3D1D0B7A2A3A9CDEAB3C9CFB5CDB3C5E4D6C3B5F7D5FBD2AAC7F3A1A33C2F703E0D0A3C6469763E0D0A093C7374726F6E673E2A20D3A6D3C3CFB5CDB3B1A8B1EDB5F7D5FBBFAAB7A23C2F7374726F6E673E3C2F6469763E0D0A3C703E0D0A09BAACD2E5A3BAB0B4D5D5BFCDBBA7D2AAC7F3BACDBBF9D3DAB6D4D2B5CEF1B5C4B7D6CEF6A3ACBEADB9FDBFCDBBA7C8CFBFC9BAF3A3ACCCE1B9A9BBF9D3DACFD6D3D0CFB5CDB3B5C4B1A8B1EDB5F7D5FBB6FEB4CEBFAAB7A2B9A4D7F7A1A33C2F703E0D0A3C703E0D0A09BCDBD6B5CCE5CFD6A3BACDA8B9FDD0C2D0E8C7F3B6FEB4CEBFAAB7A2A3ACD4DAB8FCB8DFBCB6CBAEC6BDC9CFA3A8D0DEB8C4CFB5CDB3B3CCD0F2A3ACD4F6BCD3B8F6D0D4BBAFD0E8C7F3D1D0B7A2A3A9CAB9CFD6D3D0B1A8B1EDB8FCBAC3B5C4CACAD3A6D2B5CEF1D0E8D2AABACDB9DCC0EDD0E8D2AAA1A33C2F703E0D0A3C6469763E0D0A093C7374726F6E673E2A20D3A6D3C3CFB5CDB3B1A8B1EDC0A9D5B9BFAAB7A23C2F7374726F6E673E3C2F6469763E0D0A3C703E0D0A09BAACD2E5A3BAB0B4D5D5BFCDBBA7D2AAC7F3BACDBBF9D3DAB6D4D2B5CEF1B5C4B7D6CEF6A3ACBEADB9FDBFCDBBA7C8CFBFC9BAF3A3ACCCE1B9A9BBF9D3DACFD6D3D0CFB5CDB3B5C4B1A8B1EDD4F6BCD3BFAAB7A2B9A4D7F7A1A33C2F703E0D0A3C703E0D0A09BCDBD6B5CCE5CFD6A3BACDA8B9FDD0C2B1A8B1EDB6FEB4CEBFAAB7A2A3ACD4DAB8FCB8DFBCB6CBAEC6BDC9CFD4F6BCD3B1A8B1EDC0B4C2FAD7E3D2B5CEF1BACDB9DCC0EDB5C4D0E8D2AAA1A33C2F703E0D0A3C6469763E0D0A093C7374726F6E673E2A20D3A6D3C3CFB5CDB3B9A6C4DCB5F7D5FBBFAAB7A23C2F7374726F6E673E3C2F6469763E0D0A3C703E0D0A09BAACD2E5A3BAB0B4D5D5BFCDBBA7D2AAC7F3BACDBBF9D3DAB6D4D2B5CEF1B5C4B7D6CEF6A3ACBEADB9FDBFCDBBA7C8CFBFC9BAF3A3ACCCE1B9A9BBF9D3DACFD6D3D0CFB5CDB3B5C4B9A6C4DCB5F7D5FBB6FEB4CEBFAAB7A2B9A4D7F7A1A33C2F703E0D0A3C703E0D0A09BCDBD6B5CCE5CFD6A3BACDA8B9FDCFD6D3D0CFB5CDB3B9A6C4DCB5C4B6FEB4CEBFAAB7A2A3ACB5F7D5FBCFD6D3D0B9A6C4DCA3ACC0B4C2FAD7E3D2B5CEF1BACDB9DCC0EDB5C4D0E8D2AAA1A33C2F703E0D0A3C6469763E0D0A093C7374726F6E673E2A20D3A6D3C3CFB5CDB3B9A6C4DCC0A9D5B9BFAAB7A23C2F7374726F6E673E3C2F6469763E0D0A3C703E0D0A09BAACD2E5A3BAB0B4D5D5BFCDBBA7D2AAC7F3BACDBBF9D3DAB6D4D2B5CEF1B5C4B7D6CEF6A3ACBEADB9FDBFCDBBA7C8CFBFC9BAF3A3ACCCE1B9A9BBF9D3DACFD6D3D0CFB5CDB3B5C4B9A6C4DCD4F6BCD3BFAAB7A2B9A4D7F7A1A33C2F703E0D0A3C703E0D0A09BCDBD6B5CCE5CFD6A3BACDA8B9FDCFD6D3D0CFB5CDB3B9A6C4DCB5C4B6FEB4CEBFAAB7A2A3ACD4F6BCD3D0C2B9A6C4DCA3ACC0B4C2FAD7E3D2B5CEF1BACDB9DCC0EDB5C4D0E8D2AAA1A33C2F703E0D0A3C6469763E0D0A093C7374726F6E673E2A20CDE2CEA7CFB5CDB3BDD3BFDAB5F7D5FBBFAAB7A23C2F7374726F6E673E3C2F6469763E0D0A3C703E0D0A09BAACD2E5A3BAB0B4D5D5BFCDBBA7D2AAC7F3BACDBBF9D3DAB6D4D2B5CEF1B5C4B7D6CEF6BBF2BFCDBBA7CDE2CEA7CFB5CDB3B7A2C9FAB8C4B1E4A3ACBEADB9FDBFCDBBA7D2AAC7F3BBF2C8CFBFC9A3ACCCE1B9A9BBF9D3DACFD6D3D0CFB5CDB3B5C4CDE2CEA7CFB5CDB3BDD3BFDAB5F7D5FBB6FEB4CEBFAAB7A2B9A4D7F7A1A33C2F703E0D0A3C703E0D0A09BCDBD6B5CCE5CFD6A3BACDA8B9FDBDD3BFDAB5C4B6FEB4CEBFAAB7A2A3ACC2FAD7E3CDE2B2BFBDD3BFDAB5C4B5F7D5FBA1A33C2F703E0D0A3C6469763E0D0A093C7374726F6E673E2A20CFB5CDB3D4CBD3AAD0C5CFA2CDA8B8E63C2F7374726F6E673E3C2F6469763E0D0A3C703E0D0A09BAACD2E5A3BABCB0CAB1CFF2D3C3BBA7CCE1B9A9D3C3BBA74954CFB5CDB3B5C4D4CBD3AAD0C5CFA2A3ACCEAAD3C3BBA74954D4CBD3AABEF6B2DFCCE1B9A9D2C0BEDDA1A33C2F703E0D0A3C703E0D0A09BCDBD6B5CCE5CFD6A3BAB6A8C6DAB6D4D3C3BBA7CFB5CDB3D4CBD0D0B5C4D7DBBACFCBAEC6BDB7A2B2BCD4CBD0D0CDA8B8E6A3ACCAB9D3C3BBA7C1CBBDE2CFB5CDB3D4CBD0D0D7B4CCACA1A33C2F703E0D0A,NULL,'2011-12-02','0',NULL,0,'aaa'),
 ('cfd779e53b074ffab65945ead881e082','','',0x3C703E0D0A09C9F1D6DDCCA9D4C0CEAAC1CBC2FAD7E3C8D5D2E6D4F6B3A4B5C4D3C3BBA7B7FECEF1D0E8C7F3A3ACCCE1B8DFD4CBCEACB7FECEF1D5FBCCE5B5C4CECACCE2BDE2BEF6C4DCC1A6A3ACCFF2D3C3BBA7CCE1B9A9B8FCB8DFD6CAC1BFB5C4B7FECEF1A1A3D4CBCEACB7FECEF1B9A4D7F7B0B4D5D5B2BBCDACB5C4D0D4D6CABACDD2AAC7F3A3ACB2C9D3C3C1CBBDD7CCDDCABDB5C4B7FECEF1C4A3CABDA3ACBDA8C1A2C1BDB8F6B2E3B4CEB5C4B7FECEF1CDC5B6D3A3ACB5DAD2BBA3BAD2D4CFD6B3A1C8CBD4B1CEAAD2BBCFDFCDC5B6D3A3ACD6B1BDD3C3E6CFF2BFCDBBA7A3ACB0B4BFCDBBA7A1A2B0B4CFEEC4BFB6A8CEBBD7A8D6B0B7FECEF1C8CBD4B1A3ACD4F6C7BFB6D4BFCDBBA7D2B5CEF1B5C4CAECCFA4B6C8A3ACCEAABFCDBBA7CCE1B9A9B8FCCCE5CCF9B5C4B8F6D0D4BBAFB7FECEF1A3BBB5DAB6FEA3BAD2D4D0D0D2B5D7A8BCD2CEAAB6FECFDFCDC5B6D3A3ACCEAAD2BBCFDFCDC5B6D3B5C4B9A4B3CCCAA6CCE1B9A9D6A7D4AEA3ACCDACCAB1D2D4CDC5B6D3B5C4B7BDCABDA3ACBCB0CAB1BDE2BEF6D4CBCEACB7FECEF1B9FDB3CCD6D0B5C4D2C9C4D1CECACCE2D3EBD6D8B4F3CECACCE2A1A33C2F703E0D0A3C703E0D0A09B6E0BCB6B7FECEF1CDC5B6D3D0CEB3C9C8ABCDF8C2E7D6AACAB6BDBBB2E6BACDB9B2CFEDCCE5CFB5A3ACC8B7B1A3B7FECEF1BEADD1E9A1A2B7FECEF1BCBCC4DCA1A2B7FECEF1C0EDC4EEC4DCD4DAD7EEB6CCB5C4CAB1BCE4C4DAD0FBB9E1B5BDC3BFB8F6B7FECEF1BFCDBBA7BACDB7FECEF1CFEEC4BFA3ACCDACCAB1CDA8B9FDBBF9D3DACDF8C2E7B5C4D4B6B3CCC5E0D1B5CFB5CDB3A1A2D4B6B3CCB0EFD6FACCA8B7FECEF1CFB5CDB3A1A2D4B6B3CCBCE0BFD8CFB5CDB3A1A2CFEEC4BFB9DCC0EDCFB5CDB3A1A2BFCDBBA7B9DCC0EDCFB5CDB3A1A2D6AACAB6BFE2B9B2CFEDD3EBBDBBB2E6CFB5CDB3B5C8B6E0B8F64954CFB5CDB3D7F7CEAAB7FECEF1D6A7B3C5CFB5CDB3A3ACD7EEB4F3BBAFBFCDBBA7BCDBD6B5BACDBFCDBBA7C2FAD2E2B6C8A1A33C2F703E0D0A3C703E0D0A09C9F1D6DDCCA9D4C0D4CBCEACB7FECEF1BFC9CCE1B9A9B6E0B4EF35D6D6B7FECEF1B7BDCABDA3ACD3C3BBA7BFC9B8F9BEDDCBF9D0E8B7FECEF1C4DAC8DDBACDBCB6B1F0D1A1D4F1CFE0D3A6B5C4B7FECEF1B7BDCABDA1A33C2F703E0D0A3C703E0D0A093C696D6720616C743D2222207372633D222F74726176656C2F7573657266696C65732F66696C65732F32303131303330343134353931343734332E6A706722207374796C653D2277696474683A2036313570783B206865696768743A20323733707822202F3E3C2F703E0D0A,NULL,'2011-12-02','0',NULL,0,'aaa'),
 ('c8589f93aaa64a42a15e5b443fa37ced','','',0x3C64697620636C6173733D227461622D626F78222069643D22706167655F62716E725F3222207374796C653D22646973706C61793A20626C6F636B223E0D0A093C6469763E0D0A09093C623E31A1BEB2CED3EBB9FABCD2B1EAD7BCD6C6B6A8A3ACB3D0B5A3B4F3D0CDB9FAC6F3CABEB7B6B9A4B3CCA3ACCAF7C1A2B5C8B1A3B1EAB8CBA1BF3C2F623E3C2F6469763E0D0A093C703E0D0A0909C9F1D6DDCCA9D4C0D7F7CEAAB9FAC4DAD7A8D2B5C1ECCFC8B0B2C8ABBDE2BEF6B7BDB0B8CCE1B9A9C9CCB2CED3EBC1CBB5C8BCB6B1A3BBA4CFE0B9D8D5FEB2DFBACDB1EAD7BCB5C4C6F0B2DDB1E0D6C6B9A4D7F7A3ACC5E4BACFB9ABB0B2B2BFB2CED3EBB1E0D0B4C1CBA1B6D0C5CFA2CFB5CDB3B0B2C8ABB5C8BCB6B1A3BBA4B6A8BCB6D6B8C4CFA1B7A1A2A1B6D0C5CFA2CFB5CDB3B0B2C8ABB5C8BCB6B1A3BBA4CAB5CAA9D6B8C4CFA1B7B5C8B1EAD7BCA3ACB2CED3EBB9FABCD2B5E7CDF8D0C5CFA2B0B2C8ABB5C8BCB6B1A3BBA4D7DDC9EEB7C0D3F9CABEB7B6B9A4B3CCCFEEC4BFCAB5CAA9A3ACBCB0BAA3B9D8D7DCCAF0B5C8B1A3C6BDCCA8B5C4BDA8C9E8BFAAB7A2A3ACCDACCAB1C9F1D6DDCCA9D4C0C8DABACDC1CBD4DAD5FEB8AEA1A2B5E7D0C5A1A2BDF0C8DAC4DCD4B4A1A2BEFCB6D3B5C8D0D0D2B5B6E0C4EAB5C4B0B2C8ABB7FECEF1CAB5CAA9BEADD1E9A3ACCCE1B9A9B0FCC0A8CFB5CDB3B6A8BCB6A1A2CFB5CDB3BDA8C9E8A1A2CFB5CDB3B2E2C6C0A1A2CFB5CDB3D4CBCEACB5C8B5C8BCB6B1A3BBA4B7FECEF1B9A4D7F7A1A33C2F703E0D0A093C6469763E0D0A09093C623E32A1BEB7FBBACFB9FABCD2D5FEB2DFD2AAC7F3A3ACD0CEB3C9B5C8BCB6B1A3BBA4B7BDB7A8A1BF3C2F623E3C2F6469763E0D0A093C703E0D0A0909C9F1D6DDCCA9D4C0D7DBBACFB5C8BCB6B1A3BBA4CFE0B9D8D5FEB2DFBACDB1EAD7BCB5C4C6F0B2DDB1E0D6C6BEADD1E9BACDD0C5CFA2CFB5CDB3B5C8BCB6B1A3BBA4CAD4B5E3B9A4D7F7CAB5CAA9BEADD1E9A3ACBDE1BACFD2B5C4DAD0C5CFA2B0B2C8ABD7EEBCD1CAB5BCF9A3ACD2D4D7E9D6AFC4BFB1EACEAAB3F6B7A2B5E3A1A2BACFB9E6D2AAC7F3CEAAC4BFB1EAA3ACC8DABACFC1CBB0B2C8ABD2AAC7F3B9DCC0EDA1A2B0B2C8ABB2DFC2D4B9DCC0EDA1A2C9F3BCC6B2E2C6C0B9DCC0EDBACDB7E7CFD5B9DCC0EDB5C8B9A6C4DCCCD8B5E3A3ACBDE1BACFD2B5CEF1D0E8C7F3B1A3D5CFD0C5CFA2CFB5CDB3B0B2C8ABBFC9BFBFA3ACCAB5CFD6C1CBB0B2C8ABB5C8BCB6B1A3BBA4BACFB9E6D0D4B9DCC0EDCCE5CFB5CDEAD5FBC9FAC3FCD6DCC6DAB5C4D4CBD7AAD6A7B3C5A3BBCDA8B9FDD4A4D6C3B2BFC3C5C8CBD4B1BDC7C9ABBACDC1F7B3CCD6C6B6C8A3ACCAB5CFD6B0B2C8ABB5C8B1A3BACFB9E6D0D4B9DCC0EDB5C4C1F7B3CCBBAFBACDB7D6B9A4D0ADD7F7B5C4D7D4B6AFBBAFA1A33C2F703E0D0A093C6469763E0D0A09093C623E33A1BECDEAC9C6B7FECEF1CCE5CFB5A3ACB0B2C8ABB1A3D5CFD7A8D2B5D3C5D6CAA1BF3C2F623E3C2F6469763E0D0A093C703E0D0A0909C9F1D6DDCCA9D4C0B5C4B0B2C8ABD7C9D1AFCAA6BEF9BEDFB1B8B7E1B8BB4954BCB0C9F3BACBD4B1B1B3BEB0A3ACD7A8D2B5BBAFB3CCB6C8B8DFA3ACBFC9D2D4D7EEB4F3B3CCB6C8B5D8B1A3D6A4CFEEC4BFBEDFD3D0B3E4D7E3B5C4B9CBCECAD7CAD4B4BACDD7EEBEDFD7A8D2B5D0D4B5C4CDC5B6D3A3ACC8B7B1A3CFEEC4BFB5C4B3C9B9A6A1A3BEDFB1B8CDACCAB1CCE1B9A949534D53CFEEC4BFBCB04954534DCFEEC4BFB5C4C8ABC3E6D7C9D1AFB5C4C4DCC1A6A1A3B6E0C4EAC0B4A3ACC9F1D6DDCCA9D4C0B0B2C8ABCAC2D2B5B2BFC5E0D1F8C1CBB4F3C1BFBCBCCAF5BEABD5BFA1A2BEADD1E9B7E1B8BBB5C44349535350A1A243495350A1A243495341A1A22043434945A1A2425349A1A2434957A1A2504D50B5C8D7A8D2B5C8CFD6A4B5C4D0C5CFA2B0B2C8ABD7A8BCD2A1A2CDF8C2E7D7A8BCD2BCB0CFEEC4BFB9DCC0EDD7A8BCD2A3ACC0B4D7D4B5E7D0C5A1A2D5FEB8AEA1A2BDF0C8DAB5C8C1ECD3F2B5C4D0D0D2B5D7CAC9EED7A8BCD2D2D4BCB0D7A8D2B5B0B2C8ABB7FECEF1D7E9BBA4B9A4D7F7B5C4CBB3C0FBCAB5CAA9A1A33C2F703E0D0A093C6469763E0D0A09093C623E34A1BED0D0D2B5B6E0BDC7B6C8B6E0CCE5CFB5B7FECEF1A3ACD3EBC8CFD6A4B9B9C1BCBAC3BACFD7F7D3C5CAC6A1BF3C2F623E3C2F6469763E0D0A093C703E0D0A0909C9F1D6DDCCA9D4C0D0C5CFA2B0B2C8ABCAC2D2B5B2BFBEDFB1B8B6E0D0D0D2B549534F3237303031C8CFD6A4D7C9D1AFA1A2B9FABCD2D0C5CFA2B0B2C8ABB5C8BCB6B1A3BBA4D7C9D1AFA1A2C8ABC3E6B7E7CFD5B9DCC0EDD7C9D1AFA1A2D2B5CEF1C1ACD0F8D0D4B9DCC0EDD7C9D1AFB5C8C4DCC1A6A3ACBFC9D2D4B1A3D6A4CFEEC4BFB4D3D0C5CFA2B0B2C8ABB6E0B8F6BDC7B6C8A1A2B6E0B8F6D0D0D2B5D3C5D0E3BEADD1E9A1A2B6E0B8F6CFE0B9D8B1EAD7BCC1ECD3F2BDF8D0D0C8ABC3E6D5FBBACFC9EEB6C8D7C9D1AFA3ACB7C0D6B9D2BBB8F6D0C5CFA2B0B2C8ABB9DCC0EDA3ACB6E0D6D8CCE5CFB5A1A2B6E0D6D6D2AAC7F3B2BBBCE6C8DDB5C4CECACCE2A1A33C2F703E0D0A093C703E0D0A0909C9F1D6DDCCA9D4C0D4DAD0C5CFA2B0B2C8ABC1ECD3F2D3C9D3DABFCDBBA7D6DAB6E0A3ACD3EBCFE0B9D8C8CFD6A4BBFAB9B9D0CEB3C9C1CBB6E0C6B5B4CEA1A2B6E0BDC7B6C8B5C4C9EEC8EBBACFD7F7BACDC8CFCDACB9D8CFB5A3ACBFC9D2D4D7EEB4F3B3CCB6C8B1DCC3E2C8CFD6A4B2BBCDA8B9FDB5C4B7E7CFD5A1A33C2F703E0D0A3C2F6469763E0D0A3C703E0D0A09266E6273703B3C2F703E0D0A,NULL,'2011-12-02','0',NULL,0,'aaa'),
 ('58d62442d301498a8fe0c2d24e964a48','','',0x3C703E0D0A09266E6273703B3C2F703E0D0A3C7461626C6520616C69676E3D226C6566742220626F726465723D2230222063656C6C70616464696E673D2231222063656C6C73706163696E673D223122207374796C653D2277696474683A2039363970783B206865696768743A203235347078223E0D0A093C74626F64793E0D0A09093C74723E0D0A0909093C74643E0D0A090909093C703E0D0A0909090909B1B1BEA9C9F1D6DDCCA9D4C0C8EDBCFEB9C9B7DDD3D0CFDEB9ABCBBEB3C9C1A2D3DA32303031C4EAA3ACCAC7CAD7C5FAB5C7C2BDC9EEDBDAD6A4C8AFBDBBD2D7CBF9B4B4D2B5B0E5B5C4C9CFCAD0B9ABCBBEA3A8BCF2B3C6266C6471756F3BC9F1D6DDCCA9D4C026726471756F3BA3ACB9C9C6B1B4FAC2EBA3BA333030303032A3A9A1A33C2F703E0D0A090909093C703E0D0A0909090909C9F120D6DDCCA9D4C0D6C2C1A6D3DAD3C3D0C5CFA2BCBCCAF5CAD6B6CECCE1B8DFCDC6B6AFD0D0D2B5B7A2D5B9BACDC9E7BBE1BDF8B2BDA3ACC1A2D7E3D3DAD4CBCEACB9DCC0EDA1A2D2C6B6AFBBA5C1AACDF8C6BDCCA8D6A7B3C5A1A2BBA5C1AACDF8D3A6D3C3C1ECD3F2A1A3D4DAD4CBCEACB9DCC0EDC1ECD3F2A3ACC9F1D6DDCCA9D4C0CEAAB5E7D0C5A1A2BDF0C8DAA1A220C4DCD4B4B5C8D0D0D2B5B5C4B4F3D6D0D0CDC6F3D2B5BACDD5FEB8AEB2BFC3C5CCE1B9A9D4CBCEACB9DCC0EDB5C4D5FBCCE5BDE2BEF6B7BDB0B8A3ACB0FCC0A8C8EDBCFEB2FAC6B7BFAAB7A2BACDBCBCCAF5B7FECEF1A3BBD4DAD2C6B6AFBBA5C1AACDF8C6BDCCA8D6A7B3C5C1ECD3F2A3ACC9F1D6DDCCA9D4C0CCE1B9A9BBA5C1AACDF8C6BDCCA8B5C4BFAAB7A2BCB020D4CBD3AAD6A7B3C5B7FECEF1A3ACCEAAD6D0B9FAD2C6B6AFB5C4B7C9D0C5A1A2C5A9CDF8D7F6C8ABC3E6D6A7B3C5A3BBD4DABBA5C1AACDF8D3A6D3C3C1ECD3F2A3ACC9F1D6DDCCA9D4C0D7C5C1A6D3DAB4F2D4ECB7C9D0C5A1A2C5A9CDF8C6BDCCA8C9CFB5C4B4B9D6B1D3A6D3C3A3ACBBFDBCABCDD8D5B9B0FCC0A8B5E7D7D3C9CCCEF1D4DAC4DAB5C4BBA5C1AACDF820D2B5CEF1A1A33C2F703E0D0A0909093C2F74643E0D0A0909093C74643E0D0A090909093C703E0D0A09090909093C696D6720616C743D2222207372633D222F74726176656C2F7573657266696C65732F66696C65732F32303131303332383131303032383836322E6A706722207374796C653D2277696474683A2031383070783B206865696768743A2032323870783B22202F3E3C2F703E0D0A0909093C2F74643E0D0A09093C2F74723E0D0A093C2F74626F64793E0D0A3C2F7461626C653E0D0A3C703E0D0A09266E6273703B3C2F703E0D0A3C703E0D0A09266E6273703B3C2F703E0D0A3C703E0D0A09266E6273703B3C2F703E0D0A3C703E0D0A09266E6273703B3C2F703E0D0A3C703E0D0A09266E6273703B3C2F703E0D0A3C703E0D0A09266E6273703B3C2F703E0D0A3C703E0D0A09266E6273703B3C2F703E0D0A3C703E0D0A09266E6273703B3C2F703E0D0A3C703E0D0A09C9F120D6DDCCA9D4C0C1ACD0F8CBC4C4EAB1BBB9FABCD2B7A2B8C4CEAFB5C8CBC4B2BFCEAFC8CFB6A8CEAA266C6471756F3BB9FABCD2B9E6BBAEB2BCBED6C4DAD6D8B5E3C8EDBCFEC6F3D2B526726471756F3BA3BBC1ACD0F8C1BDC4EABBF1B5C3266C6471756F3BCEC2D7DCC0EDCDF8C2E7B7C3CCB8BCBCCAF5B1A3D5CFCDBBB3F6B9B1CFD7B5A5CEBB26726471756F3BB3C6BAC5A3BBC1ACD0F8C1BDC4EAB1BBB9A4D0C5B2BF20C1D0CEAA266C6471756F3BD6D0B9FAC8EDBCFED2B5CEF1CAD5C8EBC7B0B0D9BCD2C6F3D2B526726471756F3BA3BBB1BBB1B1BEA9CAD0CEAFCAD0D5FEB8AEC6C0D1A1CEAACAD7C5FA266C6471756F3BCAAEB0D9C7A7B9A4B3CC26726471756F3BD6D8B5E3C5E0D3FDC6F3D2B5BACD266C6471756F3BCBC4B8F6D2BBC5FA26726471756F3BD6D8B5E3C6F3D2B5A3BBB1BBB1B1BEA9CAD0B9FACBB0BACDB5D8CBB0BBFAB9D8C8CFB6A8CEAAC4C9CBB020D0C5D3C341BCB6C6F3D2B5A3BBB1BBD6D0B9FAC8EDBCFED0D0D2B5D0ADBBE1C6C0CEAA266C6471756F3BD6D0B9FAC8EDBCFEB2FAD2B5BCB9C1BAC6F3D2B526726471756F3BB5C8A1A3C9F1D6DDCCA9D4C0CDACCAB1BBB9B3D0B5A3B2A2CAB5CAA9266C6471756F3BBACBB8DFBBF926726471756F3BA1A2266C6471756F3BD0C2D2BBB4FACEDECFDFBFEDB4F826726471756F3BB9FABCD2D6D8B4F3BFC6BCBCD7A8CFEED6D0B5C4CBC4B8F6BFCECCE2A1A33C2F703E0D0A3C703E0D0A09C9F1D6DDCCA9D4C0D3B5D3D0B6E0BCD2D7D3B9ABCBBEA3ACD4DAB9FAC4DAD6F7D2AAB4F3D6D0B3C7CAD0C9E8D3D0B0ECCAC2BBFAB9B9A3ACD6C2C1A6D3DACEAABFCDBBA7CCE1B9A9D3C5D6CAA1A2C8ABC3E6B5C4B7FECEF1BACDB4B4D0C2B5C4B2FAC6B7A1A2B7FECEF1BACDBDE2BEF6B7BDB0B8A1A3C9F1D6DDCCA9D4C0CABCD6D5BCE1B3D6D7D4D6F7B4B4D0C2A3ACD3B5D3D0C7BFB4F3B5C4D1D0B7A2CAB5C1A6A3ACD1D0B7A2D6D0D0C4B1BBC8CFB6A8CEAA266C6471756F3BB1B1BEA9CAD0C6F3D2B5BCBCCAF5D6D0D0C426726471756F3BA1A33C2F703E0D0A3C703E0D0A09C9F1D6DDCCA9D4C0BCE1B3D6266C6471756F3BBED3C0FBCBBCD2E5A1A2C9EDC0CDD0C4B0B2A1A2C8CBC7BFCED2C7BFA1A2B9B2CDACB7A2D5B926726471756F3BB5C4BACBD0C4BCDBD6B5C0EDC4EEA3ACBCE1B3D6266C6471756F3BCEAABFCDBBA7A1A2CDB6D7CAD5DFA1A2C9E7BBE1B4B4D4ECBCDBD6B526726471756F3BB5C4BEADD3AACBBCCFEBA3ACB7A2D1EF266C6471756F3BBCE1B3D6B3A4C5DCA1A2BCAFCCE5B7DCB6B726726471756F3BB5C4B9A4D7F7BEABC9F1A3ACC1A2D6BEB3C9CEAAD2BBC1F7B5C4C8EDBCFEBACDB7FECEF1C6F3D2B5A1A33C2F703E0D0A,NULL,'2011-12-02','0',NULL,0,'aaa'),
 ('99ec75dc8b444675a78d705d88884b93','mulu','',0x3C703E0D0A09266E6273703B266E6273703B3C2F703E0D0A3C703E0D0A093C6120687265663D22687474703A2F2F6C6F63616C686F73743A393239322F74726176656C2F73686F77416464436E7450616765235F546F63333130313031313133223EC4DAC8DDB9DCC0EDCFB5CDB32E2E2E20313C2F613E3C2F703E0D0A3C703E0D0A093C6120687265663D22687474703A2F2F6C6F63616C686F73743A393239322F74726176656C2F73686F77416464436E7450616765235F546F63333130313031313134223E312E31266E6273703B266E6273703B266E6273703B266E6273703B266E6273703B266E6273703B266E6273703B20D2FDD1D42E2E2E20343C2F613E3C2F703E0D0A3C703E0D0A093C6120687265663D22687474703A2F2F6C6F63616C686F73743A393239322F74726176656C2F73686F77416464436E7450616765235F546F63333130313031313135223E312E32266E6273703B266E6273703B266E6273703B266E6273703B266E6273703B266E6273703B266E6273703B20B8C5CAF62E2E2E20343C2F613E3C2F703E0D0A3C703E0D0A093C6120687265663D22687474703A2F2F6C6F63616C686F73743A393239322F74726176656C2F73686F77416464436E7450616765235F546F63333130313031313136223E312E33266E6273703B266E6273703B266E6273703B266E6273703B266E6273703B266E6273703B266E6273703B20D2B5CEF1CAF5D3EFB6A8D2E52E2E2E20343C2F613E3C2F703E0D0A3C703E0D0A093C6120687265663D22687474703A2F2F6C6F63616C686F73743A393239322F74726176656C2F73686F77416464436E7450616765235F546F63333130313031313137223E32266E6273703B266E6273703B266E6273703B266E6273703B266E6273703B266E6273703B20D0E8C7F3CEC4B5B5D4BCB6A82E2E2E20343C2F613E3C2F703E0D0A3C703E0D0A093C6120687265663D22687474703A2F2F6C6F63616C686F73743A393239322F74726176656C2F73686F77416464436E7450616765235F546F63333130313031313138223E322E31266E6273703B266E6273703B266E6273703B266E6273703B266E6273703B266E6273703B266E6273703B20D0E8C7F3D7D6B6CED4BCB6A82E2E2E20343C2F613E3C2F703E0D0A3C703E0D0A093C6120687265663D22687474703A2F2F6C6F63616C686F73743A393239322F74726176656C2F73686F77416464436E7450616765235F546F63333130313031313139223E33266E6273703B266E6273703B266E6273703B266E6273703B266E6273703B266E6273703B20B9A6C4DCD0E8C7F32E2E2E20353C2F613E3C2F703E0D0A3C703E0D0A093C6120687265663D22687474703A2F2F6C6F63616C686F73743A393239322F74726176656C2F73686F77416464436E7450616765235F546F63333130313031313230223E332E31266E6273703B266E6273703B266E6273703B266E6273703B266E6273703B266E6273703B266E6273703B20C0B8C4BFB9DCC0ED2E2E2E20353C2F613E3C2F703E0D0A3C703E0D0A093C6120687265663D22687474703A2F2F6C6F63616C686F73743A393239322F74726176656C2F73686F77416464436E7450616765235F546F63333130313031313231223E3C7374726F6E673E332E312E313C2F7374726F6E673E266E6273703B266E6273703B266E6273703B266E6273703B266E6273703B266E6273703B266E6273703B20C0B8C4BFCCEDBCD32E2E2E20353C2F613E3C2F703E0D0A3C703E0D0A093C6120687265663D22687474703A2F2F6C6F63616C686F73743A393239322F74726176656C2F73686F77416464436E7450616765235F546F63333130313031313232223E3C7374726F6E673E332E312E323C2F7374726F6E673E266E6273703B266E6273703B266E6273703B266E6273703B266E6273703B266E6273703B266E6273703B20C0B8C4BFD0DEB8C42E2E2E20373C2F613E3C2F703E0D0A3C703E0D0A093C6120687265663D22687474703A2F2F6C6F63616C686F73743A393239322F74726176656C2F73686F77416464436E7450616765235F546F63333130313031313233223E3C7374726F6E673E332E312E333C2F7374726F6E673E266E6273703B266E6273703B266E6273703B266E6273703B266E6273703B266E6273703B266E6273703B20C0B8C4BFC9BEB3FD2E2E2E20373C2F613E3C2F703E0D0A3C703E0D0A093C6120687265663D22687474703A2F2F6C6F63616C686F73743A393239322F74726176656C2F73686F77416464436E7450616765235F546F63333130313031313234223E332E32266E6273703B266E6273703B266E6273703B266E6273703B266E6273703B266E6273703B266E6273703B20C4A3B0E5B9DCC0ED2E2E2E20373C2F613E3C2F703E0D0A3C703E0D0A093C6120687265663D22687474703A2F2F6C6F63616C686F73743A393239322F74726176656C2F73686F77416464436E7450616765235F546F63333130313031313235223E3C7374726F6E673E332E322E313C2F7374726F6E673E266E6273703B266E6273703B266E6273703B266E6273703B266E6273703B266E6273703B266E6273703B20C4A3B0E5CCEDBCD32E2E2E20373C2F613E3C2F703E0D0A3C703E0D0A093C6120687265663D22687474703A2F2F6C6F63616C686F73743A393239322F74726176656C2F73686F77416464436E7450616765235F546F63333130313031313236223E3C7374726F6E673E332E322E323C2F7374726F6E673E266E6273703B266E6273703B266E6273703B266E6273703B266E6273703B266E6273703B266E6273703B20C4A3B0E5D0DEB8C42E2E2E20383C2F613E3C2F703E0D0A3C703E0D0A093C6120687265663D22687474703A2F2F6C6F63616C686F73743A393239322F74726176656C2F73686F77416464436E7450616765235F546F63333130313031313237223E3C7374726F6E673E332E322E333C2F7374726F6E673E266E6273703B266E6273703B266E6273703B266E6273703B266E6273703B266E6273703B266E6273703B20C4A3B0E5C9BEB3FD2E2E2E20383C2F613E3C2F703E0D0A3C703E0D0A093C6120687265663D22687474703A2F2F6C6F63616C686F73743A393239322F74726176656C2F73686F77416464436E7450616765235F546F63333130313031313238223E3C7374726F6E673E332E322E343C2F7374726F6E673E266E6273703B266E6273703B266E6273703B266E6273703B266E6273703B266E6273703B266E6273703B20C4A3B0E5C0E0B9DCC0EDA3BAC4BFC7B0CFC8CAD6B6AFB9DCC0ED2E2E2E20383C2F613E3C2F703E0D0A3C703E0D0A093C6120687265663D22687474703A2F2F6C6F63616C686F73743A393239322F74726176656C2F73686F77416464436E7450616765235F546F63333130313031313239223E332E33266E6273703B266E6273703B266E6273703B266E6273703B266E6273703B266E6273703B266E6273703B20CEC4D5C2B7A2B2BC2E2E2E20383C2F613E3C2F703E0D0A3C703E0D0A093C6120687265663D22687474703A2F2F6C6F63616C686F73743A393239322F74726176656C2F73686F77416464436E7450616765235F546F63333130313031313330223E3C7374726F6E673E332E332E313C2F7374726F6E673E266E6273703B266E6273703B266E6273703B266E6273703B266E6273703B266E6273703B266E6273703B20CEC4D5C2B5C4B7A2B2BC2E2E2E20383C2F613E3C2F703E0D0A3C703E0D0A093C6120687265663D22687474703A2F2F6C6F63616C686F73743A393239322F74726176656C2F73686F77416464436E7450616765235F546F63333130313031313331223E3C7374726F6E673E332E332E323C2F7374726F6E673E266E6273703B266E6273703B266E6273703B266E6273703B266E6273703B266E6273703B266E6273703B20CEC4D5C2D0DEB8C42E2E2E20383C2F613E3C2F703E0D0A3C703E0D0A093C6120687265663D22687474703A2F2F6C6F63616C686F73743A393239322F74726176656C2F73686F77416464436E7450616765235F546F63333130313031313332223E3C7374726F6E673E332E332E333C2F7374726F6E673E266E6273703B266E6273703B266E6273703B266E6273703B266E6273703B266E6273703B266E6273703B20CEC4D5C2C9BEB3FD2E2E2E20383C2F613E3C2F703E0D0A3C703E0D0A093C6120687265663D22687474703A2F2F6C6F63616C686F73743A393239322F74726176656C2F73686F77416464436E7450616765235F546F63333130313031313333223E3C7374726F6E673E332E332E343C2F7374726F6E673E266E6273703B266E6273703B266E6273703B266E6273703B266E6273703B266E6273703B266E6273703B20CEC4D5C2B5E3BBF7B4CECAFD2E2E2E20383C2F613E3C2F703E0D0A3C703E0D0A093C6120687265663D22687474703A2F2F6C6F63616C686F73743A393239322F74726176656C2F73686F77416464436E7450616765235F546F63333130313031313334223E332E34266E6273703B266E6273703B266E6273703B266E6273703B266E6273703B266E6273703B266E6273703B20D2B3C3E6C9FAB3C9B9DCC0ED2E2E2E20383C2F613E3C2F703E0D0A3C703E0D0A093C6120687265663D22687474703A2F2F6C6F63616C686F73743A393239322F74726176656C2F73686F77416464436E7450616765235F546F63333130313031313335223E3C7374726F6E673E332E342E313C2F7374726F6E673E266E6273703B266E6273703B266E6273703B266E6273703B266E6273703B266E6273703B266E6273703B20D2B3C3E6C9FAB3C92E2E2E20383C2F613E3C2F703E0D0A3C703E0D0A093C6120687265663D22687474703A2F2F6C6F63616C686F73743A393239322F74726176656C2F73686F77416464436E7450616765235F546F63333130313031313336223E3C7374726F6E673E332E342E323C2F7374726F6E673E266E6273703B266E6273703B266E6273703B266E6273703B266E6273703B266E6273703B266E6273703B20B7A2B2BCC4DAC8DDD4A4C0C02E2E2E20383C2F613E3C2F703E0D0A3C703E0D0A093C6120687265663D22687474703A2F2F6C6F63616C686F73743A393239322F74726176656C2F73686F77416464436E7450616765235F546F63333130313031313337223E3C7374726F6E673E332E342E333C2F7374726F6E673E266E6273703B266E6273703B266E6273703B266E6273703B266E6273703B266E6273703B266E6273703B20D2B3C3E6C9FAB3C9B9E6D4F22E2E2E20393C2F613E3C2F703E0D0A3C703E0D0A093C6120687265663D22687474703A2F2F6C6F63616C686F73743A393239322F74726176656C2F73686F77416464436E7450616765235F546F63333130313031313338223E332E35266E6273703B266E6273703B266E6273703B266E6273703B266E6273703B266E6273703B266E6273703B20CDBCC6ACB9DCC0ED2E2E2E20393C2F613E3C2F703E0D0A3C703E0D0A093C6120687265663D22687474703A2F2F6C6F63616C686F73743A393239322F74726176656C2F73686F77416464436E7450616765235F546F63333130313031313339223E3C7374726F6E673E332E352E313C2F7374726F6E673E266E6273703B266E6273703B266E6273703B266E6273703B266E6273703B266E6273703B266E6273703B20CDBCC6ACB5C4C9CFB4AB2E2E2E20393C2F613E3C2F703E0D0A3C703E0D0A093C6120687265663D22687474703A2F2F6C6F63616C686F73743A393239322F74726176656C2F73686F77416464436E7450616765235F546F63333130313031313430223E3C7374726F6E673E332E352E323C2F7374726F6E673E266E6273703B266E6273703B266E6273703B266E6273703B266E6273703B266E6273703B266E6273703B20CDBCC6ACC9BEB3FD2E2E2E20393C2F613E3C2F703E0D0A3C703E0D0A093C6120687265663D22687474703A2F2F6C6F63616C686F73743A393239322F74726176656C2F73686F77416464436E7450616765235F546F63333130313031313431223E3C7374726F6E673E332E352E333C2F7374726F6E673E266E6273703B266E6273703B266E6273703B266E6273703B266E6273703B266E6273703B266E6273703B20CDBCC6ACC4BFC2BCB9DCC0ED2E2E2E20393C2F613E3C2F703E0D0A3C703E0D0A093C6120687265663D22687474703A2F2F6C6F63616C686F73743A393239322F74726176656C2F73686F77416464436E7450616765235F546F63333130313031313432223E3C7374726F6E673E332E352E343C2F7374726F6E673E266E6273703B266E6273703B266E6273703B266E6273703B266E6273703B266E6273703B266E6273703B20CDBCC6ACD4A4C0C02E2E2E20393C2F613E3C2F703E0D0A3C703E0D0A093C6120687265663D22687474703A2F2F6C6F63616C686F73743A393239322F74726176656C2F73686F77416464436E7450616765235F546F63333130313031313433223E3C7374726F6E673E332E352E353C2F7374726F6E673E266E6273703B266E6273703B266E6273703B266E6273703B266E6273703B266E6273703B266E6273703B20CDBCC6ACCFC2D4D82E2E2E2031303C2F613E3C2F703E0D0A3C703E0D0A093C6120687265663D22687474703A2F2F6C6F63616C686F73743A393239322F74726176656C2F73686F77416464436E7450616765235F546F63333130313031313434223E332E36266E6273703B266E6273703B266E6273703B266E6273703B266E6273703B266E6273703B266E6273703B20CFB5CDB3B9DCC0ED2E2E2E2031303C2F613E3C2F703E0D0A3C703E0D0A093C6120687265663D22687474703A2F2F6C6F63616C686F73743A393239322F74726176656C2F73686F77416464436E7450616765235F546F63333130313031313435223E3C7374726F6E673E332E362E313C2F7374726F6E673E266E6273703B266E6273703B266E6273703B266E6273703B266E6273703B266E6273703B266E6273703B20D3C3BBA7B9DCC0ED2E2E2E2031303C2F613E3C2F703E0D0A3C703E0D0A093C6120687265663D22687474703A2F2F6C6F63616C686F73743A393239322F74726176656C2F73686F77416464436E7450616765235F546F63333130313031313436223E3C7374726F6E673E332E362E323C2F7374726F6E673E266E6273703B266E6273703B266E6273703B266E6273703B266E6273703B266E6273703B266E6273703B20C8A8CFDEB9DCC0ED2E2E2E2031303C2F613E3C2F703E0D0A3C703E0D0A093C6120687265663D22687474703A2F2F6C6F63616C686F73743A393239322F74726176656C2F73686F77416464436E7450616765235F546F63333130313031313437223E3C7374726F6E673E332E362E333C2F7374726F6E673E266E6273703B266E6273703B266E6273703B266E6273703B266E6273703B266E6273703B266E6273703B20D3CABCFEB7A2CBCDB9A6C4DC2E2E2E2031303C2F613E3C2F703E0D0A3C703E0D0A093C6120687265663D22687474703A2F2F6C6F63616C686F73743A393239322F74726176656C2F73686F77416464436E7450616765235F546F63333130313031313438223E3C7374726F6E673E332E362E343C2F7374726F6E673E266E6273703B266E6273703B266E6273703B266E6273703B266E6273703B266E6273703B266E6273703B20C6E4CBFB266E6273703B266E6273703B266E6273703B266E6273703B2031303C2F613E3C2F703E0D0A3C703E0D0A09266E6273703B3C2F703E0D0A,NULL,'2011-12-02','0',NULL,0,'aaa'),
 ('19dc16006e674d09869d658537ba9904','asdfs','999',0x3C703E0D0A095468697320697320736F6D65203C7374726F6E673E73616D706C6520746578743C2F7374726F6E673E2E20596F7520617265207573696E67203C6120687265663D22687474703A2F2F636B656469746F722E636F6D2F223E434B456469746F723C2F613E2E3C2F703E0D0A,NULL,'2012-01-08','0',NULL,0,'ee'),
 ('0fa9471189c14aac8b2d18cc58e13284','???','1',0x3C703E0D0A09BDF1CCECC4E3BFAAD0C4C2F0A3BF3C2F703E0D0A,NULL,'2012-02-29','0',NULL,0,'22');
/*!40000 ALTER TABLE `fm_content` ENABLE KEYS */;


--
-- Definition of table `sys_role`
--

DROP TABLE IF EXISTS `sys_role`;
CREATE TABLE `sys_role` (
  `ROLEID` varchar(8) NOT NULL COMMENT '',
  `ROLENAME` varchar(50) NOT NULL COMMENT '',
  `DEPTID` varchar(100) NOT NULL COMMENT '',
  `ROLETYPE` varchar(2) NOT NULL DEFAULT '1' COMMENT '(1:;2: ;3:)',
  `REMARK` varchar(2) DEFAULT NULL COMMENT '',
  `LOCKED` varchar(2) DEFAULT '0' COMMENT '(1:;0:)',
  PRIMARY KEY (`ROLEID`)
) ENGINE=InnoDB DEFAULT CHARSET=utf8 COMMENT='';

--
-- Dumping data for table `sys_role`
--

/*!40000 ALTER TABLE `sys_role` DISABLE KEYS */;
INSERT INTO `sys_role` (`ROLEID`,`ROLENAME`,`DEPTID`,`ROLETYPE`,`REMARK`,`LOCKED`) VALUES 
 ('1','22','2222','1','1','0'),
 ('2','','122','2','2','0');
/*!40000 ALTER TABLE `sys_role` ENABLE KEYS */;


--
-- Definition of table `tb_freemarktmpl`
--

DROP TABLE IF EXISTS `tb_freemarktmpl`;
CREATE TABLE `tb_freemarktmpl` (
  `id` varchar(32) NOT NULL DEFAULT '',
  `tmpl_name` varchar(100) DEFAULT NULL,
  PRIMARY KEY (`id`)
) ENGINE=InnoDB DEFAULT CHARSET=gbk;

--
-- Dumping data for table `tb_freemarktmpl`
--

/*!40000 ALTER TABLE `tb_freemarktmpl` DISABLE KEYS */;
INSERT INTO `tb_freemarktmpl` (`id`,`tmpl_name`) VALUES 
 ('1',''),
 ('233','2');
/*!40000 ALTER TABLE `tb_freemarktmpl` ENABLE KEYS */;


--
-- Definition of table `users`
--

DROP TABLE IF EXISTS `users`;
CREATE TABLE `users` (
  `username` varchar(50) NOT NULL,
  `password` varchar(50) NOT NULL,
  `enabled` char(1) NOT NULL,
  `userid` varchar(45) NOT NULL,
  PRIMARY KEY (`username`) USING BTREE
) ENGINE=InnoDB DEFAULT CHARSET=gbk;

--
-- Dumping data for table `users`
--

/*!40000 ALTER TABLE `users` DISABLE KEYS */;
INSERT INTO `users` (`username`,`password`,`enabled`,`userid`) VALUES 
 ('admin','ceb4f32325eda6142bd65215f4c0f371','1','admin'),
 ('keith','417c7382b16c395bc25b5da1398cf076','1','keith'),
 ('rod','a564de63c2d0da68cf47586ee05984d7','1','rod'),
 ('user','47a733d60998c719cf3526ae7d106d13','1','user'),
 ('','','1','abc');
/*!40000 ALTER TABLE `users` ENABLE KEYS */;




/*!40101 SET SQL_MODE=@OLD_SQL_MODE */;
/*!40014 SET FOREIGN_KEY_CHECKS=@OLD_FOREIGN_KEY_CHECKS */;
/*!40014 SET UNIQUE_CHECKS=@OLD_UNIQUE_CHECKS */;
/*!40101 SET CHARACTER_SET_CLIENT=@OLD_CHARACTER_SET_CLIENT */;
/*!40101 SET CHARACTER_SET_RESULTS=@OLD_CHARACTER_SET_RESULTS */;
/*!40101 SET COLLATION_CONNECTION=@OLD_COLLATION_CONNECTION */;
/*!40101 SET CHARACTER_SET_CLIENT=@OLD_CHARACTER_SET_CLIENT */;
